ROK;MIESIAC;OW_NFZ;NIP_PODMIOTU;KOD_PRODUKTU_KONTRAKTOWEGO;KOD_PRODUKTU_JEDNOSTKOWEGO;KOD_TRYBU_PRZYJECIA;KOD_TRYBU_WYPISU;PLEC_PACJENTA;GRUPA_WIEKOWA_PACJENTA;PRZEDZIAL_DLUGOSCI_TRWANIA_HOSPITALIZACJI;LICZBA_HOSPITALIZACJI
2022;4;"07";"1132866688";"03.4580.991.02";"5.51.01.0008013";6;2;"K";"65 i wiecej";"6 i więcej dni";"<5"
2022;8;"02";"5562239217";"03.4220.030.02";"5.51.01.0001087";3;2;"K";"45-64";"6 i więcej dni";"<5"
2022;1;"07";"7742411908";"03.4500.030.02";"5.51.01.0017007";2;9;"K";"65 i wiecej";"6 i więcej dni";"<5"
2022;9;"03";"7122409395";"03.4500.030.02";"5.51.01.0008083";3;2;"M";"45-64";"6 i więcej dni";"<5"
2022;11;"03";"9462146139";"03.4580.991.02";"5.51.01.0008015";6;2;"K";"65 i wiecej";"6 i więcej dni";"<5"
2022;9;"15";"7842008454";"03.4450.040.02";"5.51.01.0012014";3;2;"K";"65 i wiecej";"0 dni";"<5"
2022;4;"13";"6572195982";"03.4500.030.02";"5.51.01.0006109";6;2;"K";"65 i wiecej";"3-5 dni";"<5"
2022;1;"11";"5832580921";"03.4580.030.02";"5.51.01.0008099";6;2;"K";"45-64";"1-2 dni";"<5"
2022;9;"07";"1181417683";"03.4401.030.02";"5.51.01.0014004";3;2;"K";"0-17";"1-2 dni";"<5"
2022;7;"07";"7742411908";"03.4000.030.02";"5.51.01.0016056";3;1;"M";"45-64";"6 i więcej dni";"<5"
2022;12;"15";"7642088098";"03.4220.130.02";"5.51.01.0001048";2;9;"M";"65 i wiecej";"6 i więcej dni";"<5"
2022;6;"05";"8361081857";"03.4500.030.02";"5.51.01.0006072";6;2;"K";"18-44";"3-5 dni";"<5"
2022;4;"07";"8212056050";"03.4340.030.02";"5.51.01.0004018";2;1;"K";"65 i wiecej";"6 i więcej dni";"<5"
2022;3;"13";"9591294907";"03.4250.030.02";"5.51.01.0006103";6;2;"K";"65 i wiecej";"1-2 dni";"<5"
2022;7;"09";"7921805707";"03.4401.030.02";"5.51.01.0014003";3;1;"K";"0-17";"3-5 dni";"<5"
2022;10;"06";"6772247459";"03.4100.030.02";"5.51.01.0005032";6;2;"M";"45-64";"6 i więcej dni";"<5"
2022;4;"08";"7471571941";"03.4000.030.02";"5.51.01.0004028";3;1;"M";"65 i wiecej";"3-5 dni";"<5"
2022;7;"15";"7811619837";"03.4150.030.02";"5.51.01.0016062";8;3;"M";"18-44";"3-5 dni";"<5"
2022;9;"01";"9121650658";"03.4000.030.02";"5.51.01.0006036";6;2;"M";"45-64";"1-2 dni";"<5"
2022;10;"02";"8741484403";"03.4000.030.02";"5.51.01.0005094";3;2;"M";"45-64";"6 i więcej dni";"<5"
2022;4;"15";"7772754458";"03.4220.030.02";"5.51.01.0001045";3;1;"K";"65 i wiecej";"6 i więcej dni";"<5"
2022;3;"02";"8792076803";"03.4580.030.02";"5.51.01.0008063";3;2;"M";"45-64";"1-2 dni";"<5"
2022;9;"16";"8512537954";"03.4640.030.02";"5.51.01.0011026";6;1;"M";"65 i wiecej";"1-2 dni";"<5"
2022;1;"08";"7561747987";"03.4450.050.02";"5.51.01.0012015";3;2;"K";"65 i wiecej";"0 dni";"<5"
2022;6;"15";"7792033466";"03.4100.030.02";"5.51.01.0005094";3;1;"M";"18-44";"3-5 dni";"<5"
2022;3;"07";"5212932455";"03.4580.030.02";"5.51.01.0008084";3;2;"M";"18-44";"1-2 dni";"<5"
2022;5;"08";"7491790304";"03.4272.030.02";"5.51.01.0004050";6;2;"K";"65 i wiecej";"3-5 dni";"<5"
2022;1;"03";"7122410926";"03.4520.130.02";"5.51.01.0004002";3;2;"M";"45-64";"6 i więcej dni";"<5"
2022;6;"12";"6252247223";"03.4580.030.02";"5.51.01.0017007";2;2;"K";"65 i wiecej";"6 i więcej dni";"<5"
2022;3;"13";"9591291292";"03.4600.030.02";"5.51.01.0002017";6;1;"K";"65 i wiecej";"0 dni";"<5"
2022;3;"01";"8862385315";"03.4272.030.02";"5.51.01.0004050";6;2;"M";"65 i wiecej";"3-5 dni";"<5"
2022;1;"15";"6681580495";"03.4000.030.02";"5.51.01.0005094";3;2;"K";"65 i wiecej";"1-2 dni";"<5"
2022;3;"07";"5214004558";"03.4100.030.02";"5.51.01.0005057";6;2;"K";"65 i wiecej";"1-2 dni";"<5"
2022;5;"01";"6932175190";"03.4500.030.02";"5.51.01.0006100";3;2;"M";"45-64";"3-5 dni";"<5"
2022;11;"12";"9542274017";"03.4050.030.02";"5.51.01.0007035";6;2;"M";"65 i wiecej";"1-2 dni";"<5"
2022;10;"01";"8831598671";"03.4220.030.02";"5.51.01.0001067";2;2;"K";"65 i wiecej";"6 i więcej dni";"<5"
2022;12;"04";"9731025315";"03.4401.030.02";"5.51.01.0014004";3;2;"K";"0-17";"6 i więcej dni";"5"
2022;12;"06";"7361459982";"03.4580.030.02";"5.51.01.0008055";6;2;"M";"65 i wiecej";"1-2 dni";"<5"
2022;8;"12";"6381522246";"03.4421.150.02";"5.51.01.0013025";5;1;"K";"0-17";"6 i więcej dni";"<5"
2022;12;"01";"9151523806";"03.4401.030.02";"5.51.01.0014004";3;1;"K";"0-17";"1-2 dni";"<5"
2022;11;"01";"8981816856";"03.4000.030.02";"5.51.01.0004052";3;2;"K";"65 i wiecej";"6 i więcej dni";"<5"
2022;3;"10";"5422534985";"03.4610.998.02";"5.51.01.0003016";6;2;"M";"65 i wiecej";"3-5 dni";"<5"
2022;7;"06";"6762083306";"03.4100.030.02";"5.51.01.0005073";3;2;"M";"65 i wiecej";"3-5 dni";"<5"
2022;10;"13";"6551662705";"03.4272.030.02";"5.51.01.0004019";2;2;"M";"65 i wiecej";"6 i więcej dni";"<5"
2022;4;"12";"6442876726";"03.4000.030.02";"5.51.01.0015066";2;2;"K";"65 i wiecej";"6 i więcej dni";"<5"
2022;10;"12";"6342670310";"03.4580.030.02";"5.51.01.0017007";2;3;"M";"65 i wiecej";"6 i więcej dni";"<5"
2022;2;"12";"6262511259";"03.4401.030.02";"5.51.01.0014030";3;1;"M";"0-17";"3-5 dni";"<5"
2022;6;"12";"6252247223";"03.4000.030.02";"5.51.01.0007038";6;1;"K";"45-64";"3-5 dni";"<5"
2022;7;"12";"6321753077";"03.4501.030.02";"5.51.01.0014006";3;2;"M";"0-17";"1-2 dni";"<5"
2022;10;"14";"8451995130";"03.4220.130.02";"5.51.01.0001048";2;1;"M";"65 i wiecej";"6 i więcej dni";"<5"
2022;2;"12";"5482001181";"03.4500.030.02";"5.51.01.0006037";6;2;"K";"65 i wiecej";"1-2 dni";"<5"
2022;12;"09";"5170119412";"03.4220.030.02";"5.51.01.0001045";6;1;"K";"45-64";"1-2 dni";"<5"
2022;12;"15";"7811617330";"03.4530.040.02";"5.51.01.0015041";3;2;"M";"65 i wiecej";"6 i więcej dni";"<5"
2022;6;"09";"8132919313";"03.4600.030.02";"5.51.01.0002017";3;1;"M";"18-44";"6 i więcej dni";"<5"
2022;6;"02";"5581766857";"03.4450.040.02";"5.51.01.0012026";6;2;"K";"18-44";"0 dni";"<5"
2022;4;"06";"6772247459";"03.4100.030.02";"5.51.01.0005027";6;2;"M";"45-64";"1-2 dni";"9"
2022;11;"11";"5911694694";"03.4220.030.02";"5.51.01.0001057";3;2;"M";"18-44";"6 i więcej dni";"<5"
2022;10;"09";"6871640438";"03.4000.030.02";"5.51.01.0006100";6;2;"M";"45-64";"3-5 dni";"<5"
2022;5;"05";"7732419096";"03.4500.030.02";"5.51.01.0006062";3;2;"M";"18-44";"1-2 dni";"<5"
2022;1;"06";"9552268113";"03.4450.240.02";"5.51.01.0013001";3;2;"K";"18-44";"3-5 dni";"15"
2022;12;"09";"8652075413";"03.4100.030.02";"5.51.01.0005027";3;2;"K";"65 i wiecej";"3-5 dni";"<5"
2022;12;"14";"8451995130";"03.4000.030.02";"5.51.01.0004038";2;1;"K";"45-64";"3-5 dni";"<5"
2022;1;"07";"8261776028";"03.4401.030.02";"5.51.01.0014006";3;1;"M";"0-17";"6 i więcej dni";"<5"
2022;7;"10";"5422534063";"03.4611.030.02";"5.51.01.0018089";6;2;"M";"0-17";"3-5 dni";"<5"
2022;2;"12";"6452501353";"03.4000.030.02";"5.51.01.0007017";2;2;"M";"45-64";"6 i więcej dni";"<5"
2022;6;"02";"9561949580";"03.4500.030.02";"5.51.01.0007034";6;2;"M";"65 i wiecej";"3-5 dni";"<5"
2022;12;"06";"8691663456";"03.4401.030.02";"5.51.01.0014006";3;1;"M";"0-17";"1-2 dni";"<5"
2022;5;"07";"8381843603";"03.4000.030.02";"5.51.01.0005016";3;3;"M";"65 i wiecej";"3-5 dni";"<5"
2022;6;"07";"7962963679";"03.4501.030.02";"5.51.01.0018057";2;2;"K";"0-17";"6 i więcej dni";"<5"
2022;9;"11";"5911694694";"03.4220.030.02";"5.51.01.0001039";3;2;"M";"65 i wiecej";"6 i więcej dni";"<5"
2022;6;"13";"8641577743";"03.4220.030.02";"5.51.01.0001031";6;1;"M";"45-64";"6 i więcej dni";"<5"
2022;1;"15";"7772754458";"03.4100.030.02";"5.51.01.0015047";6;2;"M";"65 i wiecej";"1-2 dni";"<5"
2022;6;"07";"7962963679";"03.4100.130.02";"5.51.01.0005090";2;9;"M";"65 i wiecej";"1-2 dni";"<5"
2022;5;"09";"8131502114";"03.4050.030.02";"5.51.01.0007034";6;2;"K";"45-64";"1-2 dni";"<5"
2022;12;"07";"5110088286";"03.4401.030.02";"5.51.01.0004046";6;1;"M";"0-17";"3-5 dni";"<5"
2022;10;"06";"8681604021";"03.4401.030.02";"5.51.01.0014012";3;1;"K";"0-17";"1-2 dni";"5"
2022;12;"06";"6751199442";"03.4050.030.02";"5.51.01.0006096";6;1;"K";"18-44";"0 dni";"<5"
2022;12;"02";"8762008352";"03.4401.030.02";"5.51.01.0014012";3;1;"M";"0-17";"3-5 dni";"<5"
2022;8;"15";"6182025893";"03.4530.030.02";"5.51.01.0015013";3;2;"M";"45-64";"6 i więcej dni";"<5"
2022;1;"07";"5242688913";"03.4580.030.02";"5.51.01.0008109";3;2;"K";"65 i wiecej";"1-2 dni";"<5"
2022;9;"12";"6412490985";"03.4500.030.02";"5.51.01.0007044";6;3;"K";"45-64";"6 i więcej dni";"<5"
2022;8;"16";"6711030263";"03.4220.130.02";"5.51.01.0001048";2;3;"M";"45-64";"6 i więcej dni";"<5"
2022;3;"02";"5562239217";"03.4000.030.02";"5.51.01.0004038";2;2;"M";"65 i wiecej";"6 i więcej dni";"<5"
2022;5;"09";"7952066984";"03.4050.030.02";"5.51.01.0006099";2;2;"K";"65 i wiecej";"6 i więcej dni";"<5"
2022;2;"07";"5661019200";"03.4500.030.02";"5.51.01.0007037";2;2;"M";"18-44";"6 i więcej dni";"<5"
2022;4;"09";"7952066984";"03.4600.130.02";"5.51.01.0002101";6;1;"M";"45-64";"0 dni";"<5"
2022;5;"11";"5551783839";"03.4500.030.02";"5.51.01.0006042";6;1;"K";"45-64";"6 i więcej dni";"<5"
2022;6;"13";"6561855908";"03.4450.032.02";"5.51.01.0012003";6;2;"K";"45-64";"0 dni";"<5"
2022;8;"09";"8181429388";"03.4220.600.02";"5.51.01.0014023";6;2;"M";"0-17";"3-5 dni";"<5"
2022;7;"03";"5381594311";"03.4280.030.02";"5.51.01.0008104";3;2;"M";"45-64";"6 i więcej dni";"<5"
2022;8;"09";"7941527016";"03.4640.030.02";"5.51.01.0011000";6;1;"K";"65 i wiecej";"6 i więcej dni";"<5"
2022;5;"07";"5661019200";"03.4000.030.02";"5.51.01.0004028";3;1;"M";"18-44";"6 i więcej dni";"<5"
2022;9;"05";"7691787666";"03.4500.030.02";"5.51.01.0006052";3;2;"K";"45-64";"1-2 dni";"<5"
2022;1;"12";"6482301274";"03.4130.030.02";"5.51.01.0011105";2;2;"M";"65 i wiecej";"6 i więcej dni";"<5"
2022;9;"05";"7292242712";"03.4240.010.02";"5.51.01.0009002";6;2;"K";"45-64";"3-5 dni";"<5"
2022;2;"02";"8883117873";"03.4450.050.02";"5.51.01.0012004";3;2;"K";"18-44";"0 dni";"<5"
2022;10;"05";"7272307029";"03.4000.030.02";"5.51.01.0005057";3;2;"M";"45-64";"1-2 dni";"<5"
2022;9;"05";"7272307029";"03.4000.030.02";"5.51.01.0007037";2;4;"K";"65 i wiecej";"6 i więcej dni";"<5"
2022;2;"15";"7792033466";"03.4580.030.02";"5.51.01.0008083";6;2;"M";"18-44";"3-5 dni";"<5"
2022;10;"07";"5250008838";"03.4272.998.02";"5.51.01.0004028";6;1;"K";"45-64";"3-5 dni";"<5"
2022;2;"11";"5862286770";"03.4000.030.02";"5.51.01.0016056";2;2;"M";"65 i wiecej";"6 i więcej dni";"<5"
2022;3;"10";"7191361728";"03.4500.030.02";"5.51.01.0008058";3;2;"M";"65 i wiecej";"6 i więcej dni";"<5"
2022;2;"16";"9551908958";"03.4530.040.02";"5.51.01.0015066";6;2;"M";"45-64";"1-2 dni";"<5"
2022;5;"15";"6661889172";"03.4401.030.02";"5.51.01.0014015";3;2;"K";"0-17";"1-2 dni";"<5"
2022;9;"07";"5242688913";"03.4050.030.02";"5.51.01.0006112";3;2;"M";"18-44";"3-5 dni";"<5"
2022;5;"05";"7292345599";"03.4530.040.02";"5.51.01.0015014";2;6;"K";"18-44";"1-2 dni";"<5"
2022;2;"06";"6772081964";"03.4272.030.02";"5.51.01.0004045";3;2;"M";"65 i wiecej";"6 i więcej dni";"<5"
2022;11;"07";"5661019200";"03.4610.030.02";"5.51.01.0003016";6;2;"K";"18-44";"1-2 dni";"<5"
2022;5;"13";"6641873185";"03.4450.050.02";"5.51.01.0006046";6;1;"K";"65 i wiecej";"3-5 dni";"<5"
2022;7;"05";"8271831912";"03.4580.030.02";"5.51.01.0008021";6;1;"M";"18-44";"1-2 dni";"<5"
2022;2;"03";"7122410926";"03.4050.030.02";"5.51.01.0007018";6;2;"K";"18-44";"3-5 dni";"<5"
2022;1;"12";"6422585351";"03.4640.030.02";"5.51.01.0011015";3;1;"K";"18-44";"3-5 dni";"<5"
2022;6;"02";"8762008352";"03.4610.030.02";"5.51.01.0003016";6;2;"K";"45-64";"3-5 dni";"<5"
2022;12;"12";"6331045778";"03.4100.030.02";"5.51.01.0005077";3;2;"M";"18-44";"3-5 dni";"<5"
2022;4;"06";"8711536472";"03.4580.030.02";"5.51.01.0008021";3;2;"M";"18-44";"3-5 dni";"<5"
2022;10;"06";"6821436049";"03.4220.030.02";"5.51.01.0001049";6;2;"M";"65 i wiecej";"6 i więcej dni";"<5"
2022;8;"05";"7292345599";"03.4500.030.02";"5.51.01.0010027";6;2;"K";"45-64";"1-2 dni";"<5"
2022;1;"07";"5250011042";"03.4280.030.02";"5.51.01.0008103";6;2;"K";"18-44";"0 dni";"<5"
2022;1;"04";"8522521096";"03.4421.140.02";"5.51.01.0013020";5;1;"K";"0-17";"3-5 dni";"7"
2022;9;"02";"8762008352";"03.4610.030.02";"5.51.01.0003057";3;6;"M";"45-64";"1-2 dni";"<5"
2022;2;"02";"9561949580";"03.4610.030.02";"5.51.01.0003016";6;2;"M";"18-44";"3-5 dni";"<5"
2022;1;"03";"7122483842";"03.4000.030.02";"5.51.01.0004048";6;2;"K";"65 i wiecej";"6 i więcej dni";"<5"
2022;8;"15";"7871808424";"03.4580.991.02";"5.51.01.0008014";6;2;"M";"45-64";"3-5 dni";"<5"
2022;3;"15";"7781350016";"03.4000.030.02";"5.51.01.0005094";2;9;"K";"65 i wiecej";"1-2 dni";"<5"
2022;9;"01";"8981816856";"03.4100.030.02";"5.51.01.0005050";2;1;"K";"65 i wiecej";"6 i więcej dni";"<5"
2022;4;"03";"7122410926";"03.4450.060.02";"5.51.01.0013014";6;1;"K";"18-44";"6 i więcej dni";"<5"
2022;11;"06";"6751199442";"03.4030.030.02";"5.51.01.0012030";6;2;"K";"18-44";"0 dni";"<5"
2022;3;"11";"5811956717";"03.4272.030.02";"5.51.01.0004055";6;1;"M";"65 i wiecej";"3-5 dni";"<5"
2022;4;"07";"5220002529";"03.4401.030.02";"5.51.01.0014006";3;1;"M";"0-17";"6 i więcej dni";"<5"
2022;12;"12";"9691554118";"03.4000.030.02";"5.51.01.0006037";6;2;"K";"45-64";"1-2 dni";"<5"
2022;10;"11";"9570730409";"03.4100.030.02";"5.51.01.0005027";6;2;"K";"65 i wiecej";"3-5 dni";"<5"
2022;5;"13";"6611959864";"03.4000.030.02";"5.51.01.0016005";3;2;"K";"45-64";"6 i więcej dni";"<5"
2022;5;"15";"7811619837";"03.4020.030.02";"5.51.01.0010066";3;2;"M";"18-44";"3-5 dni";"<5"
2022;8;"07";"5242688913";"03.4100.030.02";"5.51.01.0005061";3;2;"M";"65 i wiecej";"6 i więcej dni";"<5"
2022;6;"12";"4980248112";"03.4000.030.02";"5.51.01.0006106";3;2;"M";"18-44";"6 i więcej dni";"<5"
2022;5;"04";"5993168108";"03.4500.030.02";"5.51.01.0007034";3;2;"K";"65 i wiecej";"1-2 dni";"<5"
2022;6;"16";"8561846307";"03.4500.030.02";"5.51.01.0006072";6;2;"K";"65 i wiecej";"3-5 dni";"<5"
2022;11;"12";"6342457154";"03.4640.030.02";"5.51.01.0011054";3;2;"M";"65 i wiecej";"0 dni";"<5"
2022;12;"09";"8141468382";"03.4640.030.02";"5.51.01.0011086";6;1;"M";"65 i wiecej";"0 dni";"<5"
2022;10;"07";"5242688913";"03.4450.260.02";"5.51.01.0013002";2;1;"K";"18-44";"1-2 dni";"<5"
2022;12;"01";"8981816856";"03.4131.030.02";"5.51.01.0014018";6;1;"M";"0-17";"3-5 dni";"<5"
2022;4;"12";"9372662340";"03.4540.030.02";"5.51.01.0006013";3;1;"M";"65 i wiecej";"3-5 dni";"<5"
2022;3;"12";"9691554118";"03.4000.030.02";"5.51.01.0005016";3;3;"K";"65 i wiecej";"0 dni";"<5"
2022;3;"06";"6792525795";"03.4071.030.02";"5.51.01.0014027";6;2;"M";"0-17";"3-5 dni";"<5"
2022;10;"08";"7542557814";"03.4250.930.02";"5.51.01.0012020";6;2;"K";"65 i wiecej";"6 i więcej dni";"<5"
2022;10;"07";"7962963679";"03.4580.991.02";"5.51.01.0008015";6;2;"K";"45-64";"3-5 dni";"<5"
2022;11;"07";"1181417683";"03.4530.030.02";"5.51.01.0015017";3;2;"M";"65 i wiecej";"6 i więcej dni";"<5"
2022;10;"11";"5811956717";"03.4520.130.02";"5.51.01.0004002";6;2;"K";"65 i wiecej";"3-5 dni";"<5"
2022;3;"08";"9910498289";"03.4000.030.02";"5.51.01.0006100";6;2;"K";"18-44";"6 i więcej dni";"<5"
2022;9;"06";"7831559498";"03.4130.030.02";"5.51.01.0011106";6;1;"K";"18-44";"6 i więcej dni";"<5"
2022;2;"07";"7611333881";"03.4450.040.02";"5.51.01.0012030";6;2;"K";"18-44";"0 dni";"<5"
2022;4;"07";"5242688913";"03.4580.030.02";"5.51.01.0008063";6;2;"K";"65 i wiecej";"1-2 dni";"10"
2022;4;"15";"7781350016";"03.4500.030.02";"5.51.01.0009032";6;2;"M";"18-44";"0 dni";"<5"
2022;11;"12";"6262510567";"03.4500.030.02";"5.51.01.0006072";6;2;"M";"65 i wiecej";"3-5 dni";"<5"
2022;2;"03";"7122410926";"03.4610.998.02";"5.51.01.0010003";6;2;"K";"65 i wiecej";"3-5 dni";"<5"
2022;7;"05";"7260004820";"03.4240.010.02";"5.51.01.0009002";11;1;"K";"45-64";"1-2 dni";"<5"
2022;1;"07";"5220002529";"03.4051.030.02";"5.51.01.0014012";3;2;"K";"0-17";"6 i więcej dni";"<5"
2022;7;"11";"5833162278";"03.4500.030.02";"5.51.01.0007044";6;2;"K";"18-44";"3-5 dni";"<5"
2022;8;"07";"5661019200";"03.4640.030.02";"5.51.01.0011015";3;2;"M";"18-44";"1-2 dni";"<5"
2022;12;"07";"5311331954";"03.4000.030.02";"5.51.01.0016005";2;2;"K";"65 i wiecej";"6 i więcej dni";"<5"
2022;5;"07";"5252491419";"03.4580.030.02";"5.51.01.0008067";3;9;"K";"65 i wiecej";"6 i więcej dni";"<5"
2022;12;"09";"8721907964";"03.4000.030.02";"5.51.01.0011105";3;2;"K";"65 i wiecej";"6 i więcej dni";"<5"
2022;1;"07";"5291004702";"03.4570.030.02";"5.51.01.0008051";3;1;"M";"65 i wiecej";"6 i więcej dni";"<5"
2022;6;"14";"7451593187";"03.4500.030.02";"5.51.01.0006072";6;2;"K";"65 i wiecej";"3-5 dni";"<5"
2022;8;"05";"7681534113";"03.4401.030.02";"5.51.01.0014023";2;3;"M";"0-17";"0 dni";"<5"
2022;12;"15";"7851793027";"03.4580.030.02";"5.51.01.0008053";6;1;"M";"65 i wiecej";"3-5 dni";"<5"
2022;1;"12";"9542269625";"03.4100.030.02";"5.51.01.0004016";3;2;"K";"18-44";"3-5 dni";"<5"
2022;6;"14";"7122410820";"03.4600.031.02";"5.51.01.0002053";6;1;"K";"65 i wiecej";"0 dni";"<5"
2022;1;"14";"7392955794";"03.4100.030.02";"5.51.01.0005062";3;2;"K";"45-64";"3-5 dni";"<5"
2022;1;"06";"6751199442";"03.4450.260.02";"5.51.01.0013009";2;1;"K";"18-44";"6 i więcej dni";"<5"
2022;3;"01";"6151706942";"03.4240.030.02";"5.51.01.0016004";6;1;"K";"65 i wiecej";"1-2 dni";"<5"
2022;5;"15";"7671449305";"03.4401.030.02";"5.51.01.0014023";2;2;"M";"0-17";"1-2 dni";"<5"
2022;5;"15";"9231506721";"03.4401.030.02";"5.51.01.0014005";6;2;"M";"0-17";"3-5 dni";"<5"
2022;1;"12";"6412490985";"03.4401.030.02";"5.51.01.0014047";3;2;"K";"0-17";"1-2 dni";"<5"
2022;12;"06";"8681604021";"03.4000.030.02";"5.51.01.0005094";2;3;"M";"45-64";"3-5 dni";"<5"
2022;10;"12";"6342309181";"03.4000.030.02";"5.51.01.0011105";3;2;"M";"65 i wiecej";"6 i więcej dni";"<5"
2022;2;"12";"6351572989";"03.4580.991.02";"5.51.01.0008014";6;1;"K";"45-64";"6 i więcej dni";"<5"
2022;9;"07";"1250931792";"03.4220.130.02";"5.51.01.0001048";3;2;"K";"65 i wiecej";"6 i więcej dni";"<5"
2022;5;"11";"5911694694";"03.4280.030.02";"5.51.01.0008098";6;2;"M";"65 i wiecej";"6 i więcej dni";"<5"
2022;5;"15";"7792033466";"03.4100.030.02";"5.51.01.0005092";6;1;"M";"45-64";"3-5 dni";"<5"
2022;7;"06";"6782680028";"03.4580.030.02";"5.51.01.0008021";6;2;"M";"18-44";"1-2 dni";"<5"
2022;6;"06";"6811690668";"03.4500.030.02";"5.51.01.0006036";3;2;"K";"45-64";"6 i więcej dni";"<5"
2022;7;"15";"7781350016";"03.4580.030.02";"5.51.01.0004007";2;2;"M";"45-64";"3-5 dni";"<5"
2022;4;"09";"8131501971";"03.4500.030.02";"5.51.01.0006083";6;2;"K";"45-64";"1-2 dni";"<5"
2022;5;"01";"8981816856";"03.4610.130.02";"5.51.01.0003065";6;1;"M";"18-44";"3-5 dni";"<5"
2022;12;"15";"6651042675";"03.4501.030.02";"5.51.01.0018050";6;2;"K";"0-17";"1-2 dni";"<5"
2022;2;"04";"5993168108";"03.4030.030.02";"5.51.01.0010027";3;1;"K";"18-44";"1-2 dni";"<5"
2022;4;"08";"7543106048";"03.4000.030.02";"5.51.01.0004048";2;2;"M";"65 i wiecej";"6 i więcej dni";"<5"
2022;7;"09";"6871640438";"03.4272.030.02";"5.51.01.0004062";6;2;"M";"45-64";"3-5 dni";"<5"
2022;11;"07";"5220002529";"03.4610.030.02";"5.51.01.0003031";3;2;"M";"18-44";"6 i więcej dni";"<5"
2022;8;"14";"7122410820";"03.4000.030.02";"5.51.01.0016056";2;6;"M";"18-44";"3-5 dni";"<5"
2022;9;"08";"7491790304";"03.4000.030.02";"5.51.01.0007017";3;2;"K";"45-64";"6 i więcej dni";"<5"
2022;12;"07";"9521143675";"03.4501.030.02";"5.51.01.0018045";6;2;"K";"0-17";"3-5 dni";"<5"
2022;5;"03";"5641475805";"03.4500.030.02";"5.51.01.0007016";6;3;"M";"18-44";"6 i więcej dni";"<5"
2022;11;"05";"7272392503";"03.4500.030.02";"5.51.01.0006046";2;2;"M";"65 i wiecej";"6 i więcej dni";"<5"
2022;8;"02";"9532582266";"03.4610.030.02";"5.51.01.0003012";3;2;"M";"18-44";"3-5 dni";"<5"
2022;1;"05";"7272392503";"03.4000.030.02";"5.51.01.0004028";6;1;"M";"45-64";"6 i więcej dni";"<5"
2022;1;"03";"7141632875";"03.4500.030.02";"5.51.01.0006072";6;2;"M";"18-44";"1-2 dni";"<5"
2022;2;"01";"8862385315";"03.4401.030.02";"5.51.01.0014023";3;2;"M";"0-17";"1-2 dni";"<5"
2022;8;"16";"8571688560";"03.4220.030.02";"5.51.01.0001087";3;2;"K";"65 i wiecej";"3-5 dni";"<5"
2022;10;"12";"6482302807";"03.4560.030.02";"5.51.01.0005009";6;2;"M";"65 i wiecej";"3-5 dni";"6"
2022;1;"01";"6932037565";"03.4600.132.02";"5.51.01.0002102";6;2;"K";"18-44";"0 dni";"<5"
2022;8;"11";"5911694694";"03.4500.030.02";"5.51.01.0009005";3;2;"K";"18-44";"1-2 dni";"<5"
2022;10;"12";"6482301274";"03.4520.930.02";"5.51.01.0004001";6;2;"K";"65 i wiecej";"6 i więcej dni";"<5"
2022;8;"03";"7171830083";"03.4000.030.02";"5.51.01.0005062";6;2;"M";"65 i wiecej";"0 dni";"<5"
2022;4;"11";"5911694694";"03.4220.030.02";"5.51.01.0001066";3;3;"M";"18-44";"3-5 dni";"<5"
2022;10;"07";"5250008525";"03.4100.020.02";"5.51.01.0005047";3;1;"M";"65 i wiecej";"6 i więcej dni";"<5"
2022;10;"02";"8911530126";"03.4500.030.02";"5.51.01.0006096";3;2;"K";"65 i wiecej";"6 i więcej dni";"<5"
2022;11;"15";"7642088098";"03.4570.030.02";"5.51.01.0001022";6;2;"K";"45-64";"3-5 dni";"9"
2022;10;"02";"9561949580";"03.4611.030.02";"5.51.01.0018006";6;2;"K";"0-17";"3-5 dni";"<5"
2022;1;"15";"5951340382";"03.4421.140.02";"5.51.01.0013020";5;1;"K";"0-17";"1-2 dni";"9"
2022;3;"14";"7392955794";"03.4530.040.02";"5.51.01.0009034";3;2;"M";"45-64";"6 i więcej dni";"<5"
2022;6;"06";"7342608458";"03.4540.998.02";"5.51.01.0007038";2;2;"K";"65 i wiecej";"3-5 dni";"<5"
2022;4;"11";"5862286770";"03.4100.030.02";"5.51.01.0004016";2;1;"K";"65 i wiecej";"6 i więcej dni";"<5"
2022;5;"12";"6452501353";"03.4401.030.02";"5.51.01.0014022";6;2;"K";"0-17";"3-5 dni";"<5"
2022;9;"16";"8512537954";"03.4200.030.02";"5.51.01.0009039";6;2;"K";"65 i wiecej";"3-5 dni";"<5"
2022;6;"13";"9591289964";"03.4272.030.02";"5.51.01.0004050";3;2;"K";"45-64";"6 i więcej dni";"<5"
2022;8;"09";"7941527016";"03.4401.030.02";"5.51.01.0014050";3;3;"K";"0-17";"1-2 dni";"<5"
2022;8;"02";"5040008967";"03.4401.030.02";"5.51.01.0014021";2;1;"K";"0-17";"1-2 dni";"<5"
2022;5;"08";"7542563619";"03.4401.030.02";"5.51.01.0016043";2;2;"K";"0-17";"1-2 dni";"<5"
2022;10;"08";"7531967997";"03.4610.030.02";"5.51.01.0003015";6;2;"K";"45-64";"0 dni";"<5"
2022;2;"03";"7122429274";"03.4201.030.02";"5.51.01.0009039";6;2;"M";"0-17";"3-5 dni";"<5"
2022;4;"12";"6462832413";"03.4100.030.02";"5.51.01.0005077";3;2;"M";"45-64";"3-5 dni";"<5"
2022;12;"12";"6491918293";"03.4000.030.02";"5.51.01.0016005";6;2;"K";"65 i wiecej";"6 i więcej dni";"<5"
2022;5;"03";"9211645721";"03.4401.030.02";"5.51.01.0014022";3;2;"K";"0-17";"1-2 dni";"<5"
2022;8;"02";"5542231069";"03.4500.030.02";"5.51.01.0006100";3;2;"M";"18-44";"3-5 dni";"<5"
2022;7;"12";"9491763544";"03.4000.030.02";"5.51.01.0007017";3;2;"M";"45-64";"6 i więcej dni";"<5"
2022;8;"07";"5260006858";"03.4550.030.02";"5.51.01.0008083";6;2;"K";"65 i wiecej";"1-2 dni";"<5"
2022;9;"07";"5681617967";"03.4580.030.02";"5.51.01.0017007";2;3;"K";"65 i wiecej";"1-2 dni";"<5"
2022;6;"11";"8393179849";"03.4100.500.02";"5.51.01.0005090";3;2;"K";"65 i wiecej";"6 i więcej dni";"<5"
2022;11;"07";"8121645639";"03.4580.030.02";"5.51.01.0017007";2;2;"M";"65 i wiecej";"3-5 dni";"<5"
2022;1;"01";"8992228956";"03.4640.030.02";"5.51.01.0011000";6;1;"M";"45-64";"3-5 dni";"<5"
2022;9;"06";"9552268113";"03.4100.030.02";"5.51.01.0005094";2;2;"K";"65 i wiecej";"3-5 dni";"5"
2022;7;"01";"6932175190";"03.4500.030.02";"5.51.01.0006062";3;2;"K";"65 i wiecej";"6 i więcej dni";"<5"
2022;12;"06";"8691663456";"03.4401.030.02";"5.51.01.0014015";6;3;"K";"0-17";"6 i więcej dni";"<5"
2022;1;"13";"9591294907";"03.4070.030.02";"5.51.01.0016006";6;2;"K";"18-44";"6 i więcej dni";"<5"
2022;9;"05";"7262234808";"03.4000.030.02";"5.51.01.0004050";3;2;"M";"65 i wiecej";"3-5 dni";"<5"
2022;1;"07";"7962963679";"03.4600.030.02";"5.51.01.0002016";6;1;"M";"45-64";"1-2 dni";"<5"
2022;8;"02";"5542231069";"03.4011.030.02";"5.51.01.0014020";3;1;"M";"0-17";"1-2 dni";"<5"
2022;5;"07";"5250008525";"03.4100.030.02";"5.51.01.0005056";6;3;"K";"65 i wiecej";"1-2 dni";"<5"
2022;4;"11";"9570730409";"03.4071.030.02";"5.51.01.0016006";3;2;"M";"0-17";"6 i więcej dni";"<5"
2022;10;"05";"7282246128";"03.4051.030.02";"5.51.01.0006046";6;1;"K";"0-17";"3-5 dni";"<5"
2022;8;"07";"5311331954";"03.4450.040.02";"5.51.01.0012016";3;1;"K";"18-44";"0 dni";"<5"
2022;6;"07";"1231194950";"03.4220.030.02";"5.51.01.0001038";2;1;"K";"65 i wiecej";"6 i więcej dni";"<5"
2022;6;"15";"7631439453";"03.4000.030.02";"5.51.01.0005094";6;9;"K";"65 i wiecej";"3-5 dni";"<5"
2022;12;"12";"6443504464";"03.4500.030.02";"5.51.01.0006072";6;2;"M";"45-64";"3-5 dni";"<5"
2022;2;"02";"8751350414";"03.4000.030.02";"5.51.01.0001087";6;1;"K";"18-44";"3-5 dni";"<5"
2022;6;"02";"9561949580";"03.4421.160.02";"5.51.01.0013024";5;1;"M";"0-17";"3-5 dni";"15"
2022;5;"12";"6342309181";"03.4000.030.02";"5.51.01.0010065";3;2;"K";"65 i wiecej";"3-5 dni";"<5"
2022;7;"03";"7122410926";"03.4570.030.02";"5.51.01.0008052";6;1;"K";"18-44";"6 i więcej dni";"<5"
2022;9;"12";"6452501353";"03.4401.030.02";"5.51.01.0014004";6;2;"M";"0-17";"6 i więcej dni";"<5"
2022;3;"12";"9542274017";"03.4050.030.02";"5.51.01.0007035";6;2;"M";"65 i wiecej";"1-2 dni";"<5"
2022;10;"12";"6442876726";"03.4580.030.02";"5.51.01.0008110";3;2;"M";"18-44";"3-5 dni";"<5"
2022;11;"16";"8512537954";"03.4272.030.02";"5.51.01.0004050";6;2;"K";"45-64";"3-5 dni";"<5"
2022;7;"09";"5170119412";"03.4220.030.02";"5.51.01.0001057";3;1;"M";"18-44";"6 i więcej dni";"<5"
2022;9;"15";"6971598635";"03.4500.030.02";"5.51.01.0004007";2;2;"M";"65 i wiecej";"3-5 dni";"<5"
2022;10;"03";"7122410820";"03.4580.030.02";"5.51.01.0008033";6;1;"M";"18-44";"0 dni";"<5"
2022;3;"15";"7831516773";"03.4000.030.02";"5.51.01.0016005";3;2;"K";"18-44";"6 i więcej dni";"<5"
2022;8;"15";"7792033466";"03.4220.030.02";"5.51.01.0001087";3;2;"M";"65 i wiecej";"6 i więcej dni";"<5"
2022;12;"03";"5641475805";"03.4600.030.02";"5.51.01.0002099";6;2;"K";"65 i wiecej";"0 dni";"<5"
2022;3;"12";"9491763544";"03.4450.040.02";"5.51.01.0012004";6;1;"K";"45-64";"1-2 dni";"<5"
2022;1;"12";"9491763544";"03.4401.030.02";"5.51.01.0014006";3;1;"K";"0-17";"6 i więcej dni";"<5"
2022;7;"04";"9251723350";"03.4280.030.02";"5.51.01.0008104";3;2;"M";"18-44";"6 i więcej dni";"<5"
2022;6;"12";"6252247223";"03.4600.130.02";"5.51.01.0002102";6;1;"K";"65 i wiecej";"0 dni";"132"
2022;6;"16";"5941248545";"03.4000.030.02";"5.51.01.0004028";6;2;"K";"45-64";"3-5 dni";"<5"
2022;7;"06";"6591328869";"03.4500.030.02";"5.51.01.0006072";3;2;"K";"18-44";"3-5 dni";"<5"
2022;6;"05";"7712295780";"03.4100.030.02";"5.51.01.0005050";3;2;"M";"45-64";"6 i więcej dni";"<5"
2022;2;"11";"5862286770";"03.4100.030.02";"5.51.01.0005061";6;2;"K";"45-64";"0 dni";"<5"
2022;11;"16";"8561667533";"03.4000.030.02";"5.51.01.0011082";2;1;"M";"65 i wiecej";"6 i więcej dni";"<5"
2022;9;"06";"5512124676";"03.4000.030.02";"5.51.01.0005094";3;2;"M";"45-64";"6 i więcej dni";"<5"
2022;4;"12";"6381522246";"03.4500.030.02";"5.51.01.0005055";3;6;"K";"18-44";"3-5 dni";"<5"
2022;1;"02";"8792076803";"03.4640.030.02";"5.51.01.0011045";6;2;"M";"65 i wiecej";"1-2 dni";"<5"
2022;11;"11";"9570730409";"03.4000.030.02";"5.51.01.0010027";6;2;"M";"18-44";"0 dni";"<5"
2022;5;"02";"8762008352";"03.4100.030.02";"5.51.01.0005061";3;2;"M";"65 i wiecej";"3-5 dni";"<5"
2022;10;"03";"8621439920";"03.4000.030.02";"5.51.01.0001045";2;2;"K";"65 i wiecej";"6 i więcej dni";"<5"
2022;6;"05";"7292345599";"03.4500.030.02";"5.51.01.0010002";6;2;"K";"18-44";"3-5 dni";"6"
2022;2;"03";"9191517717";"03.4500.030.02";"5.51.01.0008084";6;1;"M";"18-44";"1-2 dni";"<5"
2022;5;"15";"7792033466";"03.4500.998.02";"5.51.01.0015048";6;1;"K";"65 i wiecej";"1-2 dni";"<5"
2022;5;"16";"8581797173";"03.4500.030.02";"5.51.01.0006046";2;2;"M";"65 i wiecej";"6 i więcej dni";"<5"
2022;6;"03";"5371960760";"03.4580.030.02";"5.51.01.0008063";2;2;"K";"45-64";"1-2 dni";"<5"
2022;1;"06";"6281916916";"03.4272.030.02";"5.51.01.0005059";2;9;"M";"65 i wiecej";"6 i więcej dni";"<5"
2022;11;"12";"7010451363";"03.4401.030.02";"5.51.01.0014004";2;2;"K";"0-17";"3-5 dni";"<5"
2022;7;"01";"8942722074";"03.4600.132.02";"5.51.01.0002101";6;2;"M";"18-44";"0 dni";"<5"
2022;1;"08";"7561747987";"03.4450.050.02";"5.51.01.0012014";6;2;"K";"18-44";"1-2 dni";"<5"
2022;12;"11";"5862286770";"03.4610.030.02";"5.51.01.0010003";6;1;"M";"65 i wiecej";"1-2 dni";"<5"
2022;9;"05";"7732419096";"03.4000.030.02";"5.51.01.0009008";3;3;"M";"65 i wiecej";"6 i więcej dni";"<5"
2022;2;"07";"1231194950";"03.4580.030.02";"5.51.01.0008052";6;1;"K";"18-44";"3-5 dni";"<5"
2022;3;"12";"6321753077";"03.4450.040.02";"5.51.01.0012030";3;2;"K";"18-44";"3-5 dni";"<5"
2022;1;"13";"9591289964";"03.4640.030.02";"5.51.01.0011026";6;2;"K";"65 i wiecej";"3-5 dni";"<5"
2022;1;"10";"8461375707";"03.4500.030.02";"5.51.01.0015066";6;1;"M";"65 i wiecej";"3-5 dni";"<5"
2022;7;"07";"5260006858";"03.4450.060.02";"5.51.01.0012013";6;1;"K";"65 i wiecej";"1-2 dni";"<5"
2022;4;"14";"7412125217";"03.4220.030.02";"5.51.01.0001056";6;2;"M";"65 i wiecej";"3-5 dni";"<5"
2022;12;"07";"5321664002";"03.4273.030.02";"5.51.01.0004020";6;1;"M";"0-17";"0 dni";"<5"
2022;11;"12";"9542700833";"03.4640.030.02";"5.51.01.0011008";6;6;"M";"65 i wiecej";"1-2 dni";"<5"
2022;11;"05";"7292242712";"03.4581.030.02";"5.51.01.0018057";6;2;"M";"0-17";"6 i więcej dni";"<5"
2022;6;"16";"5482277894";"03.4500.030.02";"5.51.01.0006012";2;2;"K";"45-64";"3-5 dni";"<5"
2022;2;"07";"5250009387";"03.4220.030.02";"5.51.01.0010066";6;2;"K";"18-44";"3-5 dni";"<5"
2022;12;"15";"7781350016";"03.4500.030.02";"5.51.01.0006031";6;2;"K";"65 i wiecej";"6 i więcej dni";"<5"
2022;10;"01";"9121650658";"03.4530.030.02";"5.51.01.0005055";6;2;"K";"18-44";"3-5 dni";"<5"
2022;7;"12";"6471839389";"03.4000.030.02";"5.51.01.0005016";3;2;"K";"65 i wiecej";"6 i więcej dni";"<5"
2022;7;"09";"6851950733";"03.4580.030.02";"5.51.01.0008099";6;2;"M";"45-64";"1-2 dni";"<5"
2022;10;"06";"6782680028";"03.4341.030.02";"5.51.01.0007016";6;2;"K";"0-17";"3-5 dni";"<5"
2022;12;"07";"5214004558";"03.4050.030.02";"5.51.01.0007033";3;2;"M";"45-64";"6 i więcej dni";"<5"
2022;5;"16";"8522211119";"03.4220.030.02";"5.51.01.0001049";3;1;"M";"45-64";"3-5 dni";"<5"
2022;8;"01";"8981816856";"03.4500.030.02";"5.51.01.0006003";3;2;"M";"18-44";"3-5 dni";"<5"
2022;8;"01";"8992228560";"03.4500.030.02";"5.51.01.0010003";6;2;"K";"18-44";"3-5 dni";"<5"
2022;8;"10";"5422534063";"03.4221.030.02";"5.51.01.0014050";3;6;"M";"0-17";"6 i więcej dni";"<5"
2022;10;"12";"6321753077";"03.4500.030.02";"5.51.01.0007046";6;2;"K";"18-44";"1-2 dni";"<5"
2022;10;"07";"5242852488";"03.4640.030.02";"5.51.01.0011000";6;1;"M";"45-64";"6 i więcej dni";"<5"
2022;7;"02";"5542236658";"03.4272.030.02";"5.51.01.0004048";3;1;"M";"45-64";"6 i więcej dni";"<5"
2022;11;"01";"6912204853";"03.4540.030.02";"5.51.01.0010003";6;1;"M";"45-64";"3-5 dni";"<5"
2022;1;"14";"5782517492";"03.4500.030.02";"5.51.01.0007043";2;2;"K";"65 i wiecej";"6 i więcej dni";"<5"
2022;3;"02";"8741484403";"03.4500.030.02";"5.51.01.0007037";6;2;"M";"65 i wiecej";"3-5 dni";"<5"
2022;9;"06";"5222874966";"03.4600.132.02";"5.51.01.0002102";6;2;"M";"45-64";"0 dni";"5"
2022;8;"12";"6342670310";"03.4500.030.02";"5.51.01.0006073";3;2;"M";"18-44";"3-5 dni";"<5"
2022;11;"08";"7471571941";"03.4000.030.02";"5.51.01.0005094";3;9;"M";"65 i wiecej";"3-5 dni";"<5"
2022;10;"07";"7962963679";"03.4450.050.02";"5.51.01.0006046";3;1;"K";"18-44";"1-2 dni";"<5"
2022;9;"11";"8421770610";"03.4500.030.02";"5.51.01.0008083";6;1;"K";"18-44";"1-2 dni";"<5"
2022;3;"07";"7742411908";"03.4570.030.02";"5.51.01.0008052";3;1;"K";"45-64";"3-5 dni";"<5"
2022;7;"15";"7811618944";"03.4500.030.02";"5.51.01.0006072";6;2;"M";"45-64";"6 i więcej dni";"<5"
2022;7;"07";"5322044744";"03.4421.140.02";"5.51.01.0013025";5;1;"K";"0-17";"1-2 dni";"<5"
2022;12;"12";"6331045778";"03.4401.030.02";"5.51.01.0014006";3;6;"K";"0-17";"3-5 dni";"<5"
2022;4;"10";"5422529292";"03.4050.030.02";"5.51.01.0007037";2;1;"K";"45-64";"6 i więcej dni";"<5"
2022;12;"12";"6452501353";"03.4220.130.02";"5.51.01.0001048";6;2;"K";"65 i wiecej";"6 i więcej dni";"<5"
2022;11;"07";"5681617967";"03.4401.030.02";"5.51.01.0014004";6;2;"K";"0-17";"3-5 dni";"<5"
2022;9;"07";"8231422165";"03.4500.030.02";"5.51.01.0017007";2;2;"M";"45-64";"6 i więcej dni";"<5"
2022;11;"15";"7792033466";"03.4050.030.02";"5.51.01.0006101";2;2;"M";"65 i wiecej";"6 i więcej dni";"<5"
2022;11;"01";"6151706942";"03.4100.030.02";"5.51.01.0004016";3;2;"M";"65 i wiecej";"6 i więcej dni";"<5"
2022;11;"03";"7122409395";"03.4240.998.02";"5.51.01.0012029";6;1;"K";"65 i wiecej";"0 dni";"<5"
2022;6;"01";"9151523806";"03.4450.040.02";"5.51.01.0012002";3;1;"K";"18-44";"3-5 dni";"<5"
2022;10;"07";"7962963679";"03.4580.030.02";"5.51.01.0008043";6;2;"M";"18-44";"6 i więcej dni";"<5"
2022;1;"11";"5551783839";"03.4450.040.02";"5.51.01.0012003";6;2;"K";"18-44";"1-2 dni";"<5"
2022;2;"14";"7431641687";"03.4500.030.02";"5.51.01.0006046";6;2;"K";"18-44";"1-2 dni";"<5"
2022;10;"01";"8862385315";"03.4070.930.02";"5.51.01.0016003";3;1;"K";"65 i wiecej";"1-2 dni";"<5"
2022;9;"12";"6431669484";"03.4130.030.02";"5.51.01.0011082";8;9;"K";"65 i wiecej";"1-2 dni";"<5"
2022;1;"02";"5040008967";"03.4500.030.02";"5.51.01.0006109";3;2;"M";"65 i wiecej";"3-5 dni";"<5"
2022;6;"15";"6651042675";"03.4000.030.02";"5.51.01.0006100";3;2;"K";"18-44";"3-5 dni";"<5"
2022;8;"15";"7811618944";"03.4100.030.02";"5.51.01.0005061";3;1;"K";"65 i wiecej";"1-2 dni";"<5"
2022;9;"01";"6131480564";"03.4580.030.02";"5.51.01.0008033";6;1;"M";"45-64";"3-5 dni";"<5"
2022;1;"01";"8862385315";"03.4540.930.02";"5.51.01.0015018";3;1;"K";"45-64";"3-5 dni";"<5"
2022;4;"05";"7312002395";"03.4500.030.02";"5.51.01.0015023";6;2;"M";"65 i wiecej";"3-5 dni";"<5"
2022;12;"06";"5491591851";"03.4000.030.02";"5.51.01.0005077";3;3;"K";"65 i wiecej";"0 dni";"<5"
2022;12;"14";"7392954843";"03.4401.030.02";"5.51.01.0008103";6;2;"M";"0-17";"0 dni";"<5"
2022;1;"05";"8281409238";"03.4401.030.02";"5.51.01.0014020";6;2;"M";"0-17";"0 dni";"<5"
2022;1;"15";"8811491898";"03.4500.030.02";"5.51.01.0015023";3;2;"M";"45-64";"3-5 dni";"<5"
2022;1;"12";"6391703765";"03.4580.030.02";"5.51.01.0001022";6;2;"M";"18-44";"3-5 dni";"<5"
2022;11;"01";"6131480564";"03.4450.040.02";"5.51.01.0012016";6;1;"K";"18-44";"1-2 dni";"<5"
2022;8;"10";"5422513061";"03.4540.930.02";"5.51.01.0015019";6;2;"M";"65 i wiecej";"3-5 dni";"<5"
2022;2;"02";"8762008352";"03.4421.150.02";"5.51.01.0013020";5;1;"M";"0-17";"0 dni";"<5"
2022;6;"02";"4660387504";"03.4000.030.02";"5.51.01.0016005";2;2;"M";"45-64";"6 i więcej dni";"<5"
2022;2;"10";"7191361728";"03.4100.030.02";"5.51.01.0005027";6;4;"K";"65 i wiecej";"1-2 dni";"<5"
2022;6;"05";"7282289592";"03.4500.030.02";"5.51.01.0006032";6;2;"M";"45-64";"1-2 dni";"<5"
2022;1;"06";"5491591851";"03.4000.030.02";"5.51.01.0005052";3;9;"M";"65 i wiecej";"1-2 dni";"<5"
2022;1;"08";"7542480425";"03.4450.060.02";"5.51.01.0013013";6;6;"K";"18-44";"0 dni";"<5"
2022;4;"16";"9551489094";"03.4401.030.02";"5.51.01.0016043";6;1;"K";"0-17";"1-2 dni";"<5"
2022;10;"07";"5321662948";"03.4580.991.02";"5.51.01.0008010";6;2;"K";"65 i wiecej";"6 i więcej dni";"6"
2022;8;"05";"7272392503";"03.4570.030.02";"5.51.01.0008043";6;2;"K";"45-64";"0 dni";"<5"
2022;4;"01";"9161388184";"03.4450.040.02";"5.51.01.0012016";3;1;"K";"18-44";"3-5 dni";"<5"
2022;12;"14";"5782517492";"03.4401.030.02";"5.51.01.0014004";3;2;"M";"0-17";"3-5 dni";"10"
2022;2;"01";"6161528548";"03.4500.030.02";"5.51.01.0007037";3;2;"M";"18-44";"6 i więcej dni";"<5"
2022;8;"01";"6121542507";"03.4000.030.02";"5.51.01.0004036";6;2;"M";"45-64";"3-5 dni";"<5"
2022;1;"11";"5851479028";"03.4580.032.02";"5.51.01.0008043";6;2;"M";"65 i wiecej";"0 dni";"<5"
2022;10;"04";"9271677943";"03.4000.030.02";"5.51.01.0016056";2;2;"M";"65 i wiecej";"6 i więcej dni";"<5"
2022;1;"02";"5542231069";"03.4000.030.02";"5.51.01.0004016";2;2;"K";"45-64";"3-5 dni";"<5"
2022;6;"01";"8992228956";"03.4100.030.02";"5.51.01.0005092";6;1;"M";"45-64";"0 dni";"<5"
2022;3;"15";"6971598635";"03.4500.998.02";"5.51.01.0006032";11;2;"K";"45-64";"6 i więcej dni";"<5"
2022;6;"12";"6381522246";"03.4500.030.02";"5.51.01.0006037";3;2;"M";"65 i wiecej";"0 dni";"<5"
2022;10;"07";"5321873941";"03.4100.130.02";"5.51.01.0005010";2;2;"M";"18-44";"1-2 dni";"<5"
2022;4;"06";"5512124676";"03.4000.030.02";"5.51.01.0005057";6;2;"M";"45-64";"3-5 dni";"<5"
2022;12;"11";"8393179849";"03.4100.500.02";"5.51.01.0005090";2;2;"M";"65 i wiecej";"6 i więcej dni";"<5"
2022;12;"04";"1040001294";"03.4580.030.02";"5.51.01.0008109";2;2;"M";"65 i wiecej";"6 i więcej dni";"<5"
2022;5;"16";"8512537776";"03.4540.930.02";"5.51.01.0006113";11;2;"K";"65 i wiecej";"6 i więcej dni";"<5"
2022;7;"07";"5311331954";"03.4500.030.02";"5.51.01.0006083";3;2;"K";"65 i wiecej";"6 i więcej dni";"<5"
2022;4;"13";"9591291292";"03.4340.030.02";"5.51.01.0006105";6;2;"M";"65 i wiecej";"3-5 dni";"<5"
2022;2;"07";"5291004702";"03.4100.030.02";"5.51.01.0005056";3;2;"K";"65 i wiecej";"3-5 dni";"<5"
2022;1;"12";"9542269625";"03.4530.040.02";"5.51.01.0015002";6;2;"M";"65 i wiecej";"6 i więcej dni";"<5"
2022;4;"13";"9591291292";"03.4500.030.02";"5.51.01.0009049";6;2;"K";"18-44";"1-2 dni";"<5"
2022;7;"07";"5212932455";"03.4580.991.02";"5.51.01.0008014";6;2;"M";"65 i wiecej";"3-5 dni";"5"
2022;4;"06";"6792525795";"03.4401.030.02";"5.51.01.0014022";2;1;"M";"0-17";"1-2 dni";"5"
2022;7;"05";"7721877458";"03.4000.030.02";"5.51.01.0010037";2;6;"M";"18-44";"6 i więcej dni";"<5"
2022;7;"09";"8161452585";"03.4280.030.02";"5.51.01.0008102";6;2;"M";"45-64";"3-5 dni";"<5"
2022;6;"01";"6922498023";"03.4000.030.02";"5.51.01.0011082";2;4;"K";"65 i wiecej";"6 i więcej dni";"<5"
2022;10;"12";"9491763544";"03.4640.030.02";"5.51.01.0011026";2;2;"M";"65 i wiecej";"3-5 dni";"<5"
2022;6;"07";"1181417683";"03.4580.030.02";"5.51.01.0008043";6;2;"K";"45-64";"1-2 dni";"<5"
2022;5;"14";"8451995130";"03.4000.030.02";"5.51.01.0011007";2;2;"K";"65 i wiecej";"3-5 dni";"<5"
2022;4;"16";"3020002009";"03.4401.030.02";"5.51.01.0014022";3;2;"K";"0-17";"1-2 dni";"<5"
2022;5;"10";"7181689321";"03.4272.030.02";"5.51.01.0004059";6;2;"K";"65 i wiecej";"3-5 dni";"<5"
2022;4;"01";"8862385315";"03.4540.030.02";"5.51.01.0015019";6;2;"K";"65 i wiecej";"3-5 dni";"<5"
2022;10;"13";"6572698789";"03.4500.030.02";"5.51.01.0006072";6;1;"M";"45-64";"1-2 dni";"<5"
2022;11;"11";"5811956717";"03.4000.030.02";"5.51.01.0006037";6;1;"K";"45-64";"3-5 dni";"<5"
2022;6;"12";"6482775049";"03.4100.130.02";"5.51.01.0005010";8;2;"K";"65 i wiecej";"6 i więcej dni";"<5"
2022;11;"07";"5671532011";"03.4421.140.02";"5.51.01.0013020";5;2;"K";"0-17";"3-5 dni";"7"
2022;7;"02";"9532582266";"03.4120.030.02";"5.51.01.0015066";3;2;"M";"65 i wiecej";"3-5 dni";"<5"
2022;9;"12";"9542269625";"03.4100.500.02";"5.51.01.0005010";2;2;"K";"65 i wiecej";"1-2 dni";"<5"
2022;6;"12";"8992919206";"03.4500.030.02";"5.51.01.0007037";3;2;"K";"45-64";"6 i więcej dni";"<5"
2022;6;"12";"6252452940";"03.4500.032.02";"5.51.01.0008083";6;2;"K";"45-64";"0 dni";"<5"
2022;2;"07";"1181417683";"03.4450.060.02";"5.51.01.0013014";3;6;"K";"18-44";"6 i więcej dni";"<5"
2022;5;"11";"5833162278";"03.4580.991.02";"5.51.01.0008011";2;2;"K";"65 i wiecej";"6 i więcej dni";"<5"
2022;7;"05";"7272307029";"03.4530.030.02";"5.51.01.0015049";6;2;"M";"65 i wiecej";"3-5 dni";"<5"
2022;2;"13";"8631697084";"03.4450.240.02";"5.51.01.0013001";3;2;"K";"18-44";"6 i więcej dni";"5"
2022;2;"14";"5782517492";"03.4401.030.02";"5.51.01.0014050";2;6;"K";"0-17";"3-5 dni";"<5"
2022;10;"11";"9570730409";"03.4100.030.02";"5.51.01.0005073";6;2;"M";"65 i wiecej";"3-5 dni";"<5"
2022;5;"06";"8992919206";"03.4580.031.02";"5.51.01.0008080";6;1;"K";"65 i wiecej";"1-2 dni";"<5"
2022;12;"05";"7292242712";"03.4571.030.02";"5.51.01.0018008";6;1;"K";"0-17";"6 i więcej dni";"<5"
2022;9;"08";"7543106048";"03.4000.030.02";"5.51.01.0016006";3;2;"M";"65 i wiecej";"6 i więcej dni";"<5"
2022;10;"01";"8951645574";"03.4100.030.02";"5.51.01.0005056";3;2;"K";"65 i wiecej";"3-5 dni";"<5"
2022;7;"15";"7781350016";"03.4220.130.02";"5.51.01.0001048";3;2;"K";"18-44";"6 i więcej dni";"<5"
2022;6;"06";"6771694570";"03.4272.030.02";"5.51.01.0004018";3;1;"K";"45-64";"6 i więcej dni";"<5"
2022;6;"14";"5783104467";"03.4580.030.02";"5.51.01.0008081";3;2;"K";"45-64";"6 i więcej dni";"<5"
2022;10;"03";"7122410926";"03.4272.030.02";"5.51.01.0004006";3;1;"K";"18-44";"6 i więcej dni";"<5"
2022;6;"06";"9552268113";"03.4000.030.02";"5.51.01.0005094";6;1;"M";"65 i wiecej";"6 i więcej dni";"<5"
2022;9;"16";"8581797173";"03.4000.030.02";"5.51.01.0010058";2;2;"K";"45-64";"1-2 dni";"<5"
2022;2;"16";"9551489094";"03.4450.060.02";"5.51.01.0012013";6;1;"K";"18-44";"6 i więcej dni";"<5"
2022;7;"05";"8361081857";"03.4000.030.02";"5.51.01.0011082";3;2;"K";"65 i wiecej";"3-5 dni";"<5"
2022;12;"05";"7721877458";"03.4500.030.02";"5.51.01.0007016";3;4;"M";"65 i wiecej";"3-5 dni";"<5"
2022;2;"15";"7792033466";"03.4570.130.02";"5.51.01.0015033";6;1;"M";"45-64";"3-5 dni";"<5"
2022;10;"06";"6751199442";"03.4640.030.02";"5.51.01.0011108";6;1;"M";"45-64";"3-5 dni";"<5"
2022;11;"11";"5922222674";"03.4000.030.02";"5.51.01.0004048";3;2;"K";"65 i wiecej";"6 i więcej dni";"<5"
2022;10;"09";"6851950733";"03.4580.991.02";"5.51.01.0008015";6;2;"K";"45-64";"6 i więcej dni";"<5"
2022;1;"06";"6762083306";"03.4000.030.02";"5.51.01.0006105";3;1;"K";"65 i wiecej";"6 i więcej dni";"<5"
2022;10;"07";"8371507803";"03.4000.030.02";"5.51.01.0011082";2;1;"M";"65 i wiecej";"3-5 dni";"<5"
2022;12;"04";"9731025315";"03.4501.030.02";"5.51.01.0011015";3;2;"K";"0-17";"3-5 dni";"<5"
2022;11;"16";"8522198181";"03.4450.040.02";"5.51.01.0012030";6;1;"K";"18-44";"1-2 dni";"<5"
2022;5;"15";"6971598635";"03.4401.030.02";"5.51.01.0014006";3;1;"K";"0-17";"1-2 dni";"<5"
2022;4;"16";"8512537954";"03.4500.030.02";"5.51.01.0010003";6;1;"M";"65 i wiecej";"3-5 dni";"<5"
2022;12;"10";"8441786376";"03.4640.030.02";"5.51.01.0011104";6;2;"M";"45-64";"1-2 dni";"<5"
2022;12;"07";"5220002529";"03.4100.030.02";"5.51.01.0005094";6;2;"M";"65 i wiecej";"1-2 dni";"5"
2022;4;"13";"6631609127";"03.4500.030.02";"5.51.01.0007044";3;1;"K";"18-44";"3-5 dni";"<5"
2022;7;"15";"6211536551";"03.4000.030.02";"5.51.01.0005094";2;2;"K";"65 i wiecej";"6 i więcej dni";"<5"
2022;12;"06";"6792525795";"03.4501.030.02";"5.51.01.0018060";3;2;"K";"0-17";"3-5 dni";"<5"
2022;4;"12";"9691554118";"03.4500.030.02";"5.51.01.0007044";6;2;"K";"65 i wiecej";"3-5 dni";"<5"
2022;8;"15";"6080074563";"03.4401.030.02";"5.51.01.0014022";3;2;"M";"0-17";"3-5 dni";"6"
2022;7;"02";"8883117873";"03.4000.030.02";"5.51.01.0005094";2;2;"K";"65 i wiecej";"3-5 dni";"<5"
2022;7;"09";"8721907964";"03.4220.030.02";"5.51.01.0008100";6;2;"K";"65 i wiecej";"6 i więcej dni";"<5"
2022;9;"01";"8981816856";"03.4280.030.02";"5.51.01.0008100";6;2;"K";"65 i wiecej";"6 i więcej dni";"<5"
2022;5;"05";"7721877458";"03.4610.998.02";"5.51.01.0003056";3;2;"K";"65 i wiecej";"3-5 dni";"<5"
2022;5;"06";"5512124676";"03.4500.030.02";"5.51.01.0007036";3;2;"M";"18-44";"3-5 dni";"<5"
2022;7;"06";"7342631078";"03.4401.030.02";"5.51.01.0016043";3;2;"K";"0-17";"1-2 dni";"<5"
2022;6;"01";"6131480564";"03.4600.130.02";"5.51.01.0002102";6;1;"M";"65 i wiecej";"0 dni";"11"
2022;3;"07";"1132393221";"03.4000.030.02";"5.51.01.0001087";6;1;"K";"18-44";"6 i więcej dni";"<5"
2022;10;"05";"8361081857";"03.4130.030.02";"5.51.01.0011106";2;1;"K";"45-64";"6 i więcej dni";"<5"
2022;1;"10";"7181689321";"03.4240.998.02";"5.51.01.0016006";3;2;"M";"65 i wiecej";"6 i więcej dni";"<5"
2022;8;"14";"7393696739";"03.4610.030.02";"5.51.01.0003044";6;2;"K";"18-44";"1-2 dni";"<5"
2022;3;"08";"7511655556";"03.4000.030.02";"5.51.01.0010066";6;2;"K";"45-64";"3-5 dni";"<5"
2022;4;"07";"1132883801";"03.4240.010.02";"5.51.01.0009008";6;1;"K";"65 i wiecej";"1-2 dni";"<5"
2022;9;"13";"6551662705";"03.4500.030.02";"5.51.01.0001077";2;3;"K";"65 i wiecej";"1-2 dni";"<5"
2022;5;"01";"8842201447";"03.4500.030.02";"5.51.01.0006031";3;1;"K";"65 i wiecej";"6 i więcej dni";"<5"
2022;1;"02";"9561949580";"03.4020.030.02";"5.51.01.0010035";3;2;"M";"45-64";"3-5 dni";"<5"
2022;6;"09";"8151763728";"03.4220.030.02";"5.51.01.0001047";6;2;"K";"45-64";"3-5 dni";"<5"
2022;5;"07";"5250008057";"03.4540.030.02";"5.51.01.0012013";6;2;"K";"45-64";"3-5 dni";"<5"
2022;3;"13";"8641577743";"03.4580.030.02";"5.51.01.0008043";6;2;"K";"45-64";"1-2 dni";"<5"
2022;1;"05";"8361081857";"03.4000.030.02";"5.51.01.0011082";3;9;"K";"65 i wiecej";"0 dni";"<5"
2022;5;"15";"7811617330";"03.4070.998.02";"5.51.01.0016004";6;1;"K";"65 i wiecej";"0 dni";"<5"
2022;5;"15";"6971598635";"03.4600.030.02";"5.51.01.0002053";6;2;"M";"45-64";"0 dni";"<5"
2022;9;"01";"8981816856";"03.4341.030.02";"5.51.01.0001057";8;1;"K";"0-17";"6 i więcej dni";"<5"
2022;10;"06";"5491591851";"03.4000.030.02";"5.51.01.0010026";3;6;"K";"18-44";"0 dni";"<5"
2022;2;"06";"6771694570";"03.4100.030.02";"5.51.01.0005062";6;1;"K";"45-64";"0 dni";"<5"
2022;12;"05";"7292345599";"03.4540.030.02";"5.51.01.0006036";6;2;"K";"65 i wiecej";"1-2 dni";"<5"
2022;3;"01";"8992228560";"03.4100.030.02";"5.51.01.0005061";6;1;"M";"65 i wiecej";"1-2 dni";"<5"
2022;8;"01";"8842201447";"03.4450.050.02";"5.51.01.0012002";3;1;"K";"65 i wiecej";"3-5 dni";"<5"
2022;6;"07";"5250008057";"03.4240.998.02";"5.51.01.0008100";6;1;"K";"65 i wiecej";"3-5 dni";"7"
2022;6;"01";"6111213469";"03.4500.030.02";"5.51.01.0006083";3;2;"K";"65 i wiecej";"6 i więcej dni";"<5"
2022;12;"10";"8441784785";"03.4500.030.02";"5.51.01.0006093";6;2;"K";"18-44";"3-5 dni";"<5"
2022;3;"05";"7321003187";"03.4580.991.02";"5.51.01.0008015";6;2;"K";"65 i wiecej";"3-5 dni";"<5"
2022;10;"05";"7292242712";"03.4450.060.02";"5.51.01.0013014";6;1;"K";"18-44";"6 i więcej dni";"10"
2022;2;"02";"5542231069";"03.4560.030.02";"5.51.01.0005009";3;2;"M";"65 i wiecej";"6 i więcej dni";"<5"
2022;10;"12";"6351572989";"03.4500.030.02";"5.51.01.0015066";6;2;"K";"65 i wiecej";"1-2 dni";"<5"
2022;12;"05";"7751058587";"03.4450.040.02";"5.51.01.0012015";6;1;"K";"45-64";"1-2 dni";"<5"
2022;9;"12";"5771744296";"03.4500.030.02";"5.51.01.0007044";6;2;"K";"18-44";"3-5 dni";"<5"
2022;8;"01";"8992227939";"03.4281.030.02";"5.51.01.0014020";6;2;"K";"0-17";"1-2 dni";"<5"
2022;9;"16";"9551908958";"03.4640.998.02";"5.51.01.0011043";6;1;"M";"45-64";"1-2 dni";"<5"
2022;8;"16";"6731857008";"03.4000.030.02";"5.51.01.0004028";3;2;"M";"65 i wiecej";"6 i więcej dni";"<5"
2022;8;"06";"6782680028";"03.4000.030.02";"5.51.01.0004048";3;2;"M";"65 i wiecej";"6 i więcej dni";"<5"
2022;4;"07";"1132393221";"03.4600.030.02";"5.51.01.0002042";6;2;"K";"65 i wiecej";"1-2 dni";"<5"
2022;6;"13";"6581705655";"03.4050.030.02";"5.51.01.0006110";6;2;"M";"45-64";"6 i więcej dni";"<5"
2022;11;"06";"6751199442";"03.4020.030.02";"5.51.01.0010039";6;2;"K";"65 i wiecej";"6 i więcej dni";"<5"
2022;12;"01";"8992228956";"03.4030.030.02";"5.51.01.0010067";6;1;"M";"65 i wiecej";"6 i więcej dni";"<5"
2022;10;"16";"8522211119";"03.4450.060.02";"5.51.01.0006046";3;2;"K";"18-44";"3-5 dni";"<5"
2022;12;"07";"7582010430";"03.4220.030.02";"5.51.01.0001038";3;9;"K";"45-64";"3-5 dni";"<5"
2022;12;"02";"8883117873";"03.4450.050.02";"5.51.01.0012014";6;2;"K";"65 i wiecej";"0 dni";"15"
2022;6;"07";"7960012187";"03.4450.250.02";"5.51.01.0013003";3;2;"K";"18-44";"6 i więcej dni";"6"
2022;11;"09";"8161452585";"03.4401.030.02";"5.51.01.0014015";6;2;"K";"0-17";"1-2 dni";"<5"
2022;12;"07";"5220002529";"03.4580.998.02";"5.51.01.0008032";6;2;"M";"18-44";"6 i więcej dni";"<5"
2022;6;"07";"7960012187";"03.4100.030.02";"5.51.01.0005092";3;2;"M";"45-64";"3-5 dni";"<5"
2022;4;"12";"6271669770";"03.4000.030.02";"5.51.01.0009037";2;2;"K";"65 i wiecej";"3-5 dni";"<5"
2022;8;"12";"6262510567";"03.4500.030.02";"5.51.01.0006101";6;2;"M";"65 i wiecej";"3-5 dni";"<5"
2022;10;"06";"5491591851";"03.4000.030.02";"5.51.01.0004018";6;9;"M";"65 i wiecej";"6 i więcej dni";"<5"
2022;4;"03";"7122135822";"03.4580.930.02";"5.51.01.0008051";6;1;"K";"45-64";"6 i więcej dni";"<5"
2022;11;"07";"1180059744";"03.4500.030.02";"5.51.01.0007044";6;2;"M";"65 i wiecej";"3-5 dni";"<5"
2022;2;"07";"7960012187";"03.4500.030.02";"5.51.01.0007044";3;2;"M";"45-64";"6 i więcej dni";"<5"
2022;4;"01";"8862385315";"03.4220.030.02";"5.51.01.0001087";6;2;"K";"18-44";"1-2 dni";"<5"
2022;10;"05";"8321789610";"03.4450.070.02";"5.51.01.0012015";6;1;"K";"18-44";"0 dni";"<5"
2022;10;"09";"6851950733";"03.4020.030.02";"5.51.01.0010035";6;2;"K";"18-44";"3-5 dni";"<5"
2022;7;"12";"9542270611";"03.4130.030.02";"5.51.01.0007016";3;9;"K";"45-64";"6 i więcej dni";"<5"
2022;5;"07";"9521143675";"03.4571.030.02";"5.51.01.0018055";6;2;"M";"0-17";"1-2 dni";"<5"
2022;11;"07";"5242688913";"03.4050.030.02";"5.51.01.0006110";6;2;"K";"18-44";"0 dni";"<5"
2022;11;"15";"7642088098";"03.4401.030.02";"5.51.01.0014050";3;6;"K";"0-17";"6 i więcej dni";"<5"
2022;1;"07";"5691426619";"03.4000.030.02";"5.51.01.0005094";6;1;"M";"65 i wiecej";"6 i więcej dni";"<5"
2022;9;"06";"8711536472";"03.4580.991.02";"5.51.01.0008017";3;4;"M";"65 i wiecej";"6 i więcej dni";"<5"
2022;3;"06";"7361459982";"03.4580.030.02";"5.51.01.0008033";6;2;"K";"65 i wiecej";"3-5 dni";"<5"
2022;11;"11";"9570730409";"03.4071.030.02";"5.51.01.0014021";3;2;"M";"0-17";"0 dni";"<5"
2022;1;"15";"6971598635";"03.4600.998.02";"5.51.01.0002099";6;2;"M";"65 i wiecej";"6 i więcej dni";"<5"
2022;8;"06";"5250008057";"03.4640.998.02";"5.51.01.0011026";6;2;"K";"65 i wiecej";"6 i więcej dni";"<5"
2022;3;"05";"7260004820";"03.4000.030.02";"5.51.01.0005094";3;9;"M";"65 i wiecej";"6 i więcej dni";"<5"
2022;2;"05";"7251019093";"03.4050.030.02";"5.51.01.0007037";3;2;"K";"45-64";"0 dni";"<5"
2022;6;"07";"5250008057";"03.4050.998.02";"5.51.01.0006099";6;1;"K";"65 i wiecej";"6 i więcej dni";"<5"
2022;4;"12";"6422585351";"03.4100.030.02";"5.51.01.0005026";3;9;"M";"65 i wiecej";"6 i więcej dni";"<5"
2022;11;"05";"7691787666";"03.4000.030.02";"5.51.01.0004018";3;9;"K";"65 i wiecej";"6 i więcej dni";"<5"
2022;8;"10";"5451493579";"03.4500.030.02";"5.51.01.0006073";6;1;"M";"18-44";"3-5 dni";"<5"
2022;11;"15";"6222256387";"03.4580.030.02";"5.51.01.0008083";6;1;"M";"45-64";"1-2 dni";"<5"
2022;10;"14";"7392955802";"03.4640.030.02";"5.51.01.0011015";6;2;"M";"65 i wiecej";"1-2 dni";"<5"
2022;1;"15";"9950242030";"03.4580.032.02";"5.51.01.0008022";6;1;"M";"65 i wiecej";"1-2 dni";"<5"
2022;9;"05";"7292242712";"03.4401.030.02";"5.51.01.0014008";2;2;"M";"0-17";"6 i więcej dni";"<5"
2022;2;"06";"7361454039";"03.4100.030.02";"5.51.01.0005094";2;2;"M";"65 i wiecej";"6 i więcej dni";"<5"
2022;3;"06";"6783105119";"03.4450.250.02";"5.51.01.0013003";6;1;"K";"18-44";"6 i więcej dni";"6"
2022;9;"12";"6381522246";"03.4220.030.02";"5.51.01.0001047";3;2;"K";"65 i wiecej";"6 i więcej dni";"<5"
2022;3;"07";"5212932455";"03.4580.030.02";"5.51.01.0008083";3;2;"K";"45-64";"6 i więcej dni";"<5"
2022;11;"01";"9151523806";"03.4580.030.02";"5.51.01.0008043";6;2;"M";"45-64";"1-2 dni";"<5"
2022;8;"06";"7342631078";"03.4580.030.02";"5.51.01.0008033";6;2;"K";"45-64";"1-2 dni";"<5"
2022;7;"09";"8171750893";"03.4640.030.02";"5.51.01.0011104";3;1;"M";"65 i wiecej";"0 dni";"<5"
2022;12;"10";"7181689321";"03.4500.030.02";"5.51.01.0007043";6;1;"M";"65 i wiecej";"3-5 dni";"<5"
2022;9;"15";"7792033466";"03.4610.030.02";"5.51.01.0003016";6;2;"M";"65 i wiecej";"0 dni";"<5"
2022;10;"13";"6631609127";"03.4450.050.02";"5.51.01.0012013";6;2;"K";"65 i wiecej";"6 i więcej dni";"<5"
2022;8;"01";"8992228100";"03.4272.998.02";"5.51.01.0004028";3;2;"K";"65 i wiecej";"3-5 dni";"<5"
2022;9;"11";"5922222674";"03.4401.030.02";"5.51.01.0014003";3;1;"K";"0-17";"1-2 dni";"<5"
2022;12;"13";"8631697084";"03.4000.030.02";"5.51.01.0005094";2;9;"M";"65 i wiecej";"1-2 dni";"<5"
2022;7;"15";"7871807873";"03.4000.030.02";"5.51.01.0016006";3;1;"K";"65 i wiecej";"3-5 dni";"<5"
2022;8;"03";"8251711719";"03.4220.030.02";"5.51.01.0001047";2;2;"M";"65 i wiecej";"3-5 dni";"<5"
2022;10;"07";"5322044744";"03.4401.030.02";"5.51.01.0014035";2;1;"M";"0-17";"1-2 dni";"<5"
2022;8;"12";"6312504943";"03.4421.150.02";"5.51.01.0013025";5;2;"K";"0-17";"6 i więcej dni";"<5"
2022;1;"14";"7392954843";"03.4401.030.02";"5.51.01.0014005";3;1;"K";"0-17";"6 i więcej dni";"<5"
2022;11;"02";"5542231069";"03.4640.030.02";"5.51.01.0016060";3;2;"M";"65 i wiecej";"3-5 dni";"<5"
2022;10;"02";"5562239217";"03.4220.030.02";"5.51.01.0008058";6;2;"M";"65 i wiecej";"6 i więcej dni";"<5"
2022;7;"12";"6422585351";"03.4401.030.02";"5.51.01.0014050";3;1;"K";"0-17";"3-5 dni";"<5"
2022;11;"05";"7751058587";"03.4000.030.02";"5.51.01.0010027";6;1;"K";"65 i wiecej";"6 i więcej dni";"<5"
2022;7;"01";"6131480564";"03.4500.030.02";"5.51.01.0009033";6;1;"K";"65 i wiecej";"1-2 dni";"<5"
2022;9;"15";"7831516773";"03.4500.030.02";"5.51.01.0006082";3;2;"K";"18-44";"3-5 dni";"<5"
2022;7;"05";"8992919206";"03.4600.131.02";"5.51.01.0002101";6;2;"M";"65 i wiecej";"0 dni";"<5"
2022;11;"07";"7582010430";"03.4500.030.02";"5.51.01.0008114";2;2;"K";"45-64";"3-5 dni";"<5"
2022;2;"06";"6783105119";"03.4500.030.02";"5.51.01.0006072";2;1;"M";"18-44";"1-2 dni";"<5"
2022;6;"01";"6111213469";"03.4450.050.02";"5.51.01.0012013";2;1;"K";"45-64";"1-2 dni";"<5"
2022;11;"05";"7251730840";"03.4580.231.02";"5.51.01.0008014";6;1;"K";"65 i wiecej";"3-5 dni";"8"
2022;5;"08";"6751209442";"03.4100.130.02";"5.51.01.0005090";2;2;"K";"45-64";"3-5 dni";"<5"
2022;11;"05";"7752631681";"03.4580.030.02";"5.51.01.0008033";6;1;"K";"65 i wiecej";"1-2 dni";"<5"
2022;6;"11";"5911694694";"03.4401.030.02";"5.51.01.0014004";3;1;"K";"0-17";"3-5 dni";"<5"
2022;1;"09";"8132919313";"03.4200.030.02";"5.51.01.0016060";3;2;"K";"65 i wiecej";"3-5 dni";"<5"
2022;4;"08";"7491790304";"03.4450.050.02";"5.51.01.0012005";6;2;"K";"45-64";"3-5 dni";"<5"
2022;4;"07";"8371507803";"03.4580.030.02";"5.51.01.0008083";6;2;"M";"45-64";"1-2 dni";"5"
2022;8;"15";"7811618944";"03.4100.130.02";"5.51.01.0005090";8;2;"K";"65 i wiecej";"6 i więcej dni";"<5"
2022;6;"15";"7831516773";"03.4220.030.02";"5.51.01.0001047";3;2;"K";"65 i wiecej";"3-5 dni";"<5"
2022;11;"12";"6342848819";"03.4580.031.02";"5.51.01.0008033";6;2;"K";"45-64";"0 dni";"<5"
2022;6;"09";"7952066984";"03.4530.040.02";"5.51.01.0015066";6;2;"M";"65 i wiecej";"6 i więcej dni";"<5"
2022;8;"01";"6111213469";"03.4000.030.02";"5.51.01.0010027";2;9;"M";"65 i wiecej";"3-5 dni";"<5"
2022;8;"11";"5833162278";"03.4640.030.02";"5.51.01.0011106";3;2;"M";"45-64";"6 i więcej dni";"<5"
2022;10;"05";"7282246128";"03.4581.030.02";"5.51.01.0018059";6;2;"M";"0-17";"1-2 dni";"<5"
2022;7;"09";"5170119412";"03.4520.600.02";"5.51.01.0004003";6;2;"K";"0-17";"3-5 dni";"<5"
2022;12;"16";"3020002009";"03.4500.030.02";"5.51.01.0009033";6;2;"K";"65 i wiecej";"1-2 dni";"<5"
2022;11;"12";"9542269625";"03.4580.030.02";"5.51.01.0008063";6;2;"M";"18-44";"1-2 dni";"<5"
2022;3;"09";"8721907964";"03.4580.030.02";"5.51.01.0008084";3;2;"M";"18-44";"1-2 dni";"<5"
2022;8;"03";"9222292491";"03.4220.030.02";"5.51.01.0001067";6;1;"K";"45-64";"6 i więcej dni";"<5"
2022;9;"05";"6342582801";"03.4100.030.02";"5.51.01.0005016";3;2;"M";"65 i wiecej";"0 dni";"<5"
2022;1;"07";"5220002529";"03.4021.030.02";"5.51.01.0010066";6;2;"M";"0-17";"0 dni";"5"
2022;12;"12";"6260340173";"03.4100.030.02";"5.51.01.0005094";3;2;"K";"65 i wiecej";"3-5 dni";"6"
2022;1;"01";"8992228560";"03.4280.030.02";"5.51.01.0008104";6;2;"K";"65 i wiecej";"6 i więcej dni";"<5"
2022;12;"12";"6292115781";"03.4450.040.02";"5.51.01.0012004";6;1;"K";"65 i wiecej";"1-2 dni";"<5"
2022;12;"06";"6781015576";"03.4450.070.02";"5.51.01.0012014";6;2;"K";"18-44";"3-5 dni";"<5"
2022;4;"03";"9211645721";"03.4272.030.02";"5.51.01.0004046";3;2;"K";"65 i wiecej";"6 i więcej dni";"<5"
2022;12;"04";"9251723350";"03.4401.030.02";"5.51.01.0014011";3;2;"K";"0-17";"1-2 dni";"<5"
2022;1;"12";"5471839851";"03.4401.030.02";"5.51.01.0014022";6;6;"K";"0-17";"1-2 dni";"<5"
2022;9;"10";"5431771354";"03.4500.030.02";"5.51.01.0006014";6;2;"M";"45-64";"3-5 dni";"<5"
2022;1;"02";"8741484403";"03.4500.030.02";"5.51.01.0006046";3;9;"M";"65 i wiecej";"1-2 dni";"<5"
2022;11;"12";"9691608096";"03.4500.030.02";"5.51.01.0006083";3;2;"M";"18-44";"6 i więcej dni";"<5"
2022;5;"03";"7122410820";"03.4220.030.02";"5.51.01.0001087";6;1;"K";"65 i wiecej";"6 i więcej dni";"<5"
2022;5;"01";"6141530335";"03.4580.991.02";"5.51.01.0008014";6;3;"M";"45-64";"3-5 dni";"8"
2022;3;"02";"8883117873";"03.4500.030.02";"5.51.01.0008084";2;2;"M";"65 i wiecej";"6 i więcej dni";"<5"
2022;9;"16";"6711030263";"03.4000.030.02";"5.51.01.0011082";6;2;"K";"65 i wiecej";"6 i więcej dni";"<5"
2022;8;"01";"8981816856";"03.4530.040.02";"5.51.01.0015068";3;3;"K";"45-64";"1-2 dni";"<5"
2022;4;"07";"1181417683";"03.4100.030.02";"5.51.01.0005092";6;2;"M";"18-44";"3-5 dni";"<5"
2022;3;"15";"7781128565";"03.4421.150.02";"5.51.01.0013020";5;1;"M";"0-17";"3-5 dni";"5"
2022;10;"03";"9462146139";"03.4220.130.02";"5.51.01.0001048";2;2;"K";"45-64";"6 i więcej dni";"<5"
2022;11;"01";"8981816856";"03.4071.998.02";"5.51.01.0014028";3;2;"K";"0-17";"0 dni";"<5"
2022;6;"13";"6611959864";"03.4220.030.02";"5.51.01.0001087";3;2;"K";"45-64";"0 dni";"<5"
2022;12;"08";"7521428193";"03.4000.030.02";"5.51.01.0006099";3;2;"M";"65 i wiecej";"3-5 dni";"<5"
2022;4;"16";"8522211119";"03.4500.030.02";"5.51.01.0009032";6;2;"M";"65 i wiecej";"1-2 dni";"<5"
2022;9;"03";"7122414692";"03.4581.030.02";"5.51.01.0018051";6;2;"M";"0-17";"0 dni";"<5"
2022;12;"05";"7752631681";"03.4580.991.02";"5.51.01.0008014";6;1;"K";"45-64";"3-5 dni";"<5"
2022;9;"09";"6851950733";"03.4500.030.02";"5.51.01.0006037";6;2;"M";"18-44";"1-2 dni";"<5"
2022;10;"09";"6842120222";"03.4500.030.02";"5.51.01.0006072";6;1;"M";"18-44";"3-5 dni";"<5"
2022;1;"15";"6971598635";"03.4401.030.02";"5.51.01.0011106";3;2;"M";"0-17";"1-2 dni";"<5"
2022;9;"11";"5862286770";"03.4500.030.02";"5.51.01.0009034";6;1;"M";"45-64";"3-5 dni";"<5"
2022;2;"07";"7742411908";"03.4000.030.02";"5.51.01.0016006";6;1;"K";"65 i wiecej";"6 i więcej dni";"<5"
2022;1;"15";"7642088394";"03.4000.030.02";"5.51.01.0004028";3;2;"K";"45-64";"6 i więcej dni";"<5"
2022;12;"07";"7972019261";"03.4401.030.02";"5.51.01.0006100";2;1;"M";"0-17";"1-2 dni";"<5"
2022;5;"06";"5491591851";"03.4500.030.02";"5.51.01.0006066";3;1;"M";"65 i wiecej";"6 i więcej dni";"<5"
2022;9;"12";"9542274017";"03.4050.030.02";"5.51.01.0006036";3;2;"K";"65 i wiecej";"6 i więcej dni";"<5"
2022;2;"14";"8481630309";"03.4000.030.02";"5.51.01.0004059";3;2;"K";"65 i wiecej";"6 i więcej dni";"<5"
2022;3;"01";"6932175190";"03.4421.140.02";"5.51.01.0013025";5;1;"K";"0-17";"1-2 dni";"5"
2022;8;"11";"5862286770";"03.4580.991.02";"5.51.01.0008015";6;2;"K";"65 i wiecej";"6 i więcej dni";"<5"
2022;9;"06";"6751199442";"03.4450.978.02";"5.51.01.0012001";3;1;"K";"65 i wiecej";"3-5 dni";"<5"
2022;7;"12";"5482277894";"03.4100.030.02";"5.51.01.0005027";6;1;"K";"45-64";"1-2 dni";"<5"
2022;7;"15";"6182025893";"03.4450.050.02";"5.51.01.0006046";3;1;"K";"18-44";"1-2 dni";"<5"
2022;9;"03";"7123194985";"03.4100.030.02";"5.51.01.0005056";3;3;"K";"65 i wiecej";"3-5 dni";"<5"
2022;12;"09";"8132919313";"03.4450.060.02";"5.51.01.0006042";6;2;"K";"18-44";"1-2 dni";"<5"
2022;3;"05";"7262464170";"03.4220.030.02";"5.51.01.0001033";3;2;"K";"18-44";"3-5 dni";"<5"
2022;10;"16";"6692191946";"03.4500.032.02";"5.51.01.0008083";6;2;"K";"45-64";"0 dni";"<5"
2022;4;"01";"6121542507";"03.4220.030.02";"5.51.01.0001045";2;1;"M";"45-64";"3-5 dni";"<5"
2022;7;"15";"6182025893";"03.4000.030.02";"5.51.01.0010035";2;9;"M";"65 i wiecej";"1-2 dni";"<5"
2022;8;"07";"1132866688";"03.4530.030.02";"5.51.01.0015052";6;1;"M";"65 i wiecej";"1-2 dni";"5"
2022;8;"06";"6751199442";"03.4030.998.02";"5.51.01.0010068";6;1;"K";"45-64";"0 dni";"<5"
2022;12;"02";"8883117873";"03.4610.030.02";"5.51.01.0003043";6;2;"M";"45-64";"1-2 dni";"<5"
2022;6;"07";"1132393221";"03.4000.030.02";"5.51.01.0016005";3;3;"K";"45-64";"6 i więcej dni";"<5"
2022;5;"13";"6561855908";"03.4500.030.02";"5.51.01.0009034";3;2;"K";"65 i wiecej";"6 i więcej dni";"<5"
2022;4;"05";"7312002395";"03.4401.030.02";"5.51.01.0014030";3;1;"K";"0-17";"3-5 dni";"<5"
2022;7;"12";"6462832413";"03.4000.030.02";"5.51.01.0010027";3;2;"K";"65 i wiecej";"6 i więcej dni";"<5"
2022;3;"07";"1181417683";"03.4050.030.02";"5.51.01.0006062";2;2;"K";"65 i wiecej";"6 i więcej dni";"<5"
2022;1;"06";"6772075248";"03.4450.040.02";"5.51.01.0012013";6;1;"K";"45-64";"3-5 dni";"<5"
2022;10;"07";"1132393221";"03.4540.030.02";"5.51.01.0006072";6;1;"M";"45-64";"1-2 dni";"<5"
2022;10;"15";"7781350016";"03.4100.130.02";"5.51.01.0005090";6;9;"M";"65 i wiecej";"6 i więcej dni";"<5"
2022;3;"15";"2090003114";"03.4401.030.02";"5.51.01.0014099";3;2;"K";"0-17";"1-2 dni";"<5"
2022;5;"07";"8212577607";"03.4640.030.02";"5.51.01.0011015";3;1;"K";"45-64";"6 i więcej dni";"<5"
2022;4;"06";"5521274352";"03.4220.030.02";"5.51.01.0001036";2;2;"M";"18-44";"3-5 dni";"<5"
2022;1;"04";"9281852023";"03.4000.030.02";"5.51.01.0011083";6;3;"M";"45-64";"6 i więcej dni";"<5"
2022;10;"07";"5220002529";"03.4100.030.02";"5.51.01.0004016";3;2;"M";"45-64";"3-5 dni";"<5"
2022;3;"09";"8132919313";"03.4240.011.02";"5.51.01.0006113";3;2;"M";"65 i wiecej";"6 i więcej dni";"<5"
2022;12;"03";"9462673353";"03.4200.030.02";"5.51.01.0009049";6;1;"M";"45-64";"0 dni";"<5"
2022;9;"10";"8461375707";"03.4500.030.02";"5.51.01.0006046";2;2;"K";"18-44";"3-5 dni";"<5"
2022;7;"07";"5250008057";"03.4050.930.02";"5.51.01.0006003";11;1;"K";"18-44";"0 dni";"<5"
2022;8;"07";"7742411908";"03.4500.030.02";"5.51.01.0006012";2;1;"M";"45-64";"6 i więcej dni";"<5"
2022;9;"12";"5471839851";"03.4401.030.02";"5.51.01.0006110";3;2;"K";"0-17";"3-5 dni";"<5"
2022;9;"15";"7671449305";"03.4500.030.02";"5.51.01.0008032";6;2;"M";"45-64";"1-2 dni";"<5"
2022;12;"11";"5862286770";"03.4272.030.02";"5.51.01.0004019";2;2;"K";"45-64";"6 i więcej dni";"<5"
2022;12;"02";"9561949580";"03.4401.030.02";"5.51.01.0004018";3;1;"M";"0-17";"3-5 dni";"<5"
2022;10;"13";"6621518570";"03.4000.030.02";"5.51.01.0015066";3;2;"K";"65 i wiecej";"6 i więcej dni";"<5"
2022;5;"03";"5371960760";"03.4340.030.02";"5.51.01.0011105";3;4;"M";"65 i wiecej";"6 i więcej dni";"<5"
2022;8;"11";"5862286770";"03.4500.030.02";"5.51.01.0009033";6;1;"K";"45-64";"0 dni";"<5"
2022;11;"11";"5862286770";"03.4640.030.02";"5.51.01.0011015";6;2;"K";"65 i wiecej";"1-2 dni";"<5"
2022;4;"05";"8271831912";"03.4640.030.02";"5.51.01.0011015";3;2;"M";"45-64";"1-2 dni";"<5"
2022;8;"15";"6182025893";"03.4280.030.02";"5.51.01.0008100";6;2;"K";"45-64";"6 i więcej dni";"<5"
2022;7;"09";"7952066984";"03.4100.030.02";"5.51.01.0005093";6;2;"K";"65 i wiecej";"1-2 dni";"<5"
2022;3;"07";"5321664002";"03.4273.030.02";"5.51.01.0004046";6;2;"K";"0-17";"1-2 dni";"<5"
2022;11;"07";"5250009387";"03.4570.030.02";"5.51.01.0008052";6;2;"K";"45-64";"1-2 dni";"<5"
2022;2;"15";"7811618973";"03.4240.998.02";"5.51.01.0004028";11;1;"K";"65 i wiecej";"0 dni";"17"
2022;5;"02";"9532582266";"03.4610.030.02";"5.51.01.0003015";3;1;"M";"18-44";"1-2 dni";"<5"
2022;4;"02";"9561949580";"03.4220.030.02";"5.51.01.0001050";2;9;"K";"45-64";"1-2 dni";"<5"
2022;12;"03";"7122409395";"03.4000.030.02";"5.51.01.0010027";6;2;"M";"45-64";"6 i więcej dni";"<5"
2022;8;"09";"8131502114";"03.4220.030.02";"5.51.01.0001030";6;2;"M";"18-44";"6 i więcej dni";"<5"
2022;2;"01";"8981816856";"03.4030.030.02";"5.51.01.0010027";6;1;"K";"65 i wiecej";"1-2 dni";"<5"
2022;4;"10";"5422529292";"03.4220.030.02";"5.51.01.0001050";2;9;"M";"65 i wiecej";"1-2 dni";"<5"
2022;7;"15";"7792033466";"03.4220.030.02";"5.51.01.0001038";3;6;"K";"45-64";"3-5 dni";"<5"
2022;6;"15";"7792033466";"03.4000.030.02";"5.51.01.0001039";6;2;"M";"45-64";"0 dni";"<5"
2022;3;"07";"5291004702";"03.4220.030.02";"5.51.01.0001047";3;1;"K";"45-64";"6 i więcej dni";"<5"
2022;11;"01";"8981816856";"03.4100.030.02";"5.51.01.0005027";6;1;"M";"45-64";"1-2 dni";"11"
2022;5;"07";"5214004558";"03.4570.030.02";"5.51.01.0001022";6;2;"K";"18-44";"3-5 dni";"<5"
2022;9;"09";"7921805707";"03.4000.030.02";"5.51.01.0011105";3;4;"M";"65 i wiecej";"6 i więcej dni";"<5"
2022;3;"12";"5471930037";"03.4580.031.02";"5.51.01.0008083";6;1;"M";"45-64";"0 dni";"<5"
2022;4;"01";"8981816856";"03.4640.998.02";"5.51.01.0011026";6;1;"M";"45-64";"1-2 dni";"<5"
2022;11;"05";"7251019093";"03.4600.030.02";"5.51.01.0002099";6;6;"K";"65 i wiecej";"3-5 dni";"<5"
2022;10;"11";"8392753401";"03.4540.032.02";"5.51.01.0007044";6;2;"K";"45-64";"1-2 dni";"<5"
2022;7;"07";"7611333881";"03.4500.030.02";"5.51.01.0008055";6;2;"M";"45-64";"1-2 dni";"6"
2022;9;"15";"6961598326";"03.4500.030.02";"5.51.01.0006022";2;2;"M";"45-64";"6 i więcej dni";"<5"
2022;1;"07";"7972019261";"03.4220.030.02";"5.51.01.0001058";6;2;"M";"45-64";"6 i więcej dni";"<5"
2022;11;"07";"5671532011";"03.4000.030.02";"5.51.01.0011007";3;3;"M";"65 i wiecej";"6 i więcej dni";"<5"
2022;12;"06";"6751199459";"03.4401.030.02";"5.51.01.0014023";3;2;"M";"0-17";"6 i więcej dni";"<5"
2022;7;"12";"6452501353";"03.4401.030.02";"5.51.01.0014022";6;2;"M";"0-17";"1-2 dni";"<5"
2022;12;"12";"6482700583";"03.4580.030.02";"5.51.01.0008109";2;2;"K";"65 i wiecej";"6 i więcej dni";"<5"
2022;3;"06";"6783105119";"03.4100.030.02";"5.51.01.0004052";2;9;"K";"65 i wiecej";"1-2 dni";"<5"
2022;2;"13";"8641577743";"03.4401.030.02";"5.51.01.0014005";3;1;"K";"0-17";"6 i więcej dni";"<5"
2022;10;"06";"7342608458";"03.4540.998.02";"5.51.01.0006037";6;2;"M";"65 i wiecej";"1-2 dni";"<5"
2022;4;"05";"7321003187";"03.4050.030.02";"5.51.01.0006037";3;2;"K";"65 i wiecej";"1-2 dni";"<5"
2022;3;"13";"8661455641";"03.4580.030.02";"5.51.01.0008083";6;1;"M";"45-64";"1-2 dni";"<5"
2022;10;"15";"7792033466";"03.4610.030.02";"5.51.01.0003012";6;3;"K";"45-64";"0 dni";"<5"
2022;5;"02";"9561949580";"03.4540.030.02";"5.51.01.0007035";6;2;"K";"45-64";"3-5 dni";"<5"
2022;9;"11";"5851479028";"03.4060.030.02";"5.51.01.0015066";6;2;"K";"65 i wiecej";"6 i więcej dni";"<5"
2022;3;"12";"6482301274";"03.4220.030.02";"5.51.01.0001039";6;2;"K";"18-44";"0 dni";"<5"
2022;10;"12";"6462832413";"03.4000.030.02";"5.51.01.0011082";2;9;"M";"65 i wiecej";"1-2 dni";"<5"
2022;7;"16";"8512537954";"03.4640.930.02";"5.51.01.0011026";6;1;"M";"65 i wiecej";"1-2 dni";"<5"
2022;3;"02";"5542231069";"03.4580.030.02";"5.51.01.0008110";6;2;"M";"45-64";"6 i więcej dni";"<5"
2022;5;"04";"5993168108";"03.4450.060.02";"5.51.01.0012016";6;1;"K";"18-44";"3-5 dni";"<5"
2022;1;"12";"5471842468";"03.4640.998.02";"5.51.01.0011026";6;2;"M";"45-64";"3-5 dni";"<5"
2022;4;"15";"6651042675";"03.4100.030.02";"5.51.01.0004016";3;2;"K";"45-64";"1-2 dni";"<5"
2022;1;"14";"7392954808";"03.4240.030.02";"5.51.01.0004028";6;1;"M";"65 i wiecej";"3-5 dni";"<5"
2022;11;"15";"7781350016";"03.4500.030.02";"5.51.01.0006022";6;1;"K";"65 i wiecej";"6 i więcej dni";"<5"
2022;5;"12";"6342309181";"03.4500.030.02";"5.51.01.0006072";3;2;"M";"45-64";"3-5 dni";"<5"
2022;12;"14";"7393696739";"03.4220.030.02";"5.51.01.0001087";2;2;"M";"65 i wiecej";"3-5 dni";"<5"
2022;7;"14";"7392955802";"03.4630.030.02";"5.51.01.0003022";6;2;"K";"65 i wiecej";"3-5 dni";"<5"
2022;4;"15";"6182025893";"03.4000.030.02";"5.51.01.0004028";6;1;"K";"65 i wiecej";"3-5 dni";"<5"
2022;5;"09";"8171750893";"03.4570.030.02";"5.51.01.0008058";3;2;"M";"45-64";"6 i więcej dni";"<5"
2022;1;"06";"7342608458";"03.4000.030.02";"5.51.01.0007018";3;2;"M";"18-44";"3-5 dni";"<5"
2022;2;"03";"7122135822";"03.4030.030.02";"5.51.01.0010066";6;2;"K";"0-17";"3-5 dni";"<5"
2022;1;"06";"6772081964";"03.4570.030.02";"5.51.01.0001022";3;1;"M";"45-64";"3-5 dni";"<5"
2022;10;"07";"7582010430";"03.4640.030.02";"5.51.01.0011015";6;2;"M";"45-64";"3-5 dni";"<5"
2022;5;"15";"7781350016";"03.4600.030.02";"5.51.01.0002074";3;2;"M";"65 i wiecej";"0 dni";"<5"
2022;1;"13";"6572698789";"03.4500.030.02";"5.51.01.0006046";3;2;"M";"45-64";"3-5 dni";"<5"
2022;12;"05";"7691787666";"03.4640.030.02";"5.51.01.0011069";3;2;"M";"45-64";"6 i więcej dni";"<5"
2022;6;"06";"8732713732";"03.4000.030.02";"5.51.01.0016006";3;2;"K";"65 i wiecej";"3-5 dni";"<5"
2022;8;"01";"6922498023";"03.4580.030.02";"5.51.01.0008099";6;2;"M";"18-44";"1-2 dni";"<5"
2022;6;"04";"9261676422";"03.4000.030.02";"5.51.01.0011105";6;2;"M";"65 i wiecej";"3-5 dni";"<5"
2022;5;"11";"5833162278";"03.4000.030.02";"5.51.01.0016006";2;9;"K";"65 i wiecej";"6 i więcej dni";"<5"
2022;2;"02";"5562239217";"03.4100.130.02";"5.51.01.0005090";3;1;"M";"45-64";"3-5 dni";"<5"
2022;7;"07";"5220002529";"03.4630.030.02";"5.51.01.0017007";6;2;"M";"18-44";"1-2 dni";"<5"
2022;8;"12";"6252247223";"03.4220.030.02";"5.51.01.0001067";2;2;"M";"65 i wiecej";"3-5 dni";"<5"
2022;11;"07";"5252094598";"03.4450.060.02";"5.51.01.0012014";6;1;"K";"18-44";"3-5 dni";"10"
2022;7;"07";"7591436186";"03.4100.030.02";"5.51.01.0005061";3;2;"K";"65 i wiecej";"3-5 dni";"<5"
2022;9;"06";"5521274352";"03.4000.030.02";"5.51.01.0016005";3;2;"K";"65 i wiecej";"6 i więcej dni";"<5"
2022;7;"07";"8231422165";"03.4500.030.02";"5.51.01.0006082";3;2;"M";"18-44";"3-5 dni";"<5"
2022;5;"08";"5761361228";"03.4000.030.02";"5.51.01.0011007";3;2;"K";"18-44";"6 i więcej dni";"<5"
2022;8;"04";"9731025315";"03.4570.030.02";"5.51.01.0008052";2;1;"M";"18-44";"6 i więcej dni";"<5"
2022;5;"05";"7732419096";"03.4640.030.02";"5.51.01.0011015";3;2;"M";"18-44";"3-5 dni";"<5"
2022;9;"02";"8911530126";"03.4100.030.02";"5.51.01.0005061";2;2;"M";"65 i wiecej";"3-5 dni";"<5"
2022;6;"14";"5783104467";"03.4580.030.02";"5.51.01.0008063";3;2;"M";"18-44";"1-2 dni";"<5"
2022;10;"15";"6961598326";"03.4500.030.02";"5.51.01.0007045";3;1;"K";"65 i wiecej";"3-5 dni";"<5"
2022;4;"15";"7881750689";"03.4401.030.02";"5.51.01.0014022";3;2;"M";"0-17";"1-2 dni";"<5"
2022;5;"03";"7122409395";"03.4500.030.02";"5.51.01.0007034";3;2;"K";"65 i wiecej";"6 i więcej dni";"<5"
2022;12;"12";"2220855963";"03.4450.040.02";"5.51.01.0012012";3;2;"K";"65 i wiecej";"6 i więcej dni";"<5"
2022;8;"16";"7651495874";"03.4000.030.02";"5.51.01.0005059";2;9;"M";"65 i wiecej";"6 i więcej dni";"<5"
2022;8;"14";"7411887468";"03.4340.030.02";"5.51.01.0016057";2;2;"K";"65 i wiecej";"6 i więcej dni";"<5"
2022;12;"07";"5220002529";"03.4000.030.02";"5.51.01.0004046";3;2;"M";"65 i wiecej";"6 i więcej dni";"<5"
2022;1;"13";"9591291292";"03.4401.030.02";"5.51.01.0016005";3;1;"M";"0-17";"6 i więcej dni";"<5"
2022;12;"12";"9542700833";"03.4640.930.02";"5.51.01.0011033";6;2;"M";"45-64";"6 i więcej dni";"<5"
2022;6;"12";"6312460476";"03.4220.030.02";"5.51.01.0001031";3;3;"K";"65 i wiecej";"1-2 dni";"<5"
2022;9;"01";"6951463978";"03.4500.030.02";"5.51.01.0015023";6;2;"M";"18-44";"1-2 dni";"<5"
2022;5;"02";"8762008352";"03.4100.030.02";"5.51.01.0005094";3;2;"M";"65 i wiecej";"6 i więcej dni";"<5"
2022;8;"10";"8441786376";"03.4401.030.02";"5.51.01.0014021";3;2;"M";"0-17";"1-2 dni";"<5"
2022;10;"07";"5250008525";"03.4100.030.02";"5.51.01.0005097";6;1;"K";"65 i wiecej";"0 dni";"<5"
2022;6;"06";"6591328869";"03.4401.030.02";"5.51.01.0014003";6;2;"M";"0-17";"3-5 dni";"<5"
2022;7;"14";"7392955794";"03.4050.030.02";"5.51.01.0007046";6;2;"K";"18-44";"1-2 dni";"<5"
2022;3;"09";"8132919313";"03.4630.030.02";"5.51.01.0009032";6;2;"K";"65 i wiecej";"3-5 dni";"<5"
2022;6;"01";"8981816856";"03.4610.030.02";"5.51.01.0003057";6;2;"M";"65 i wiecej";"1-2 dni";"<5"
2022;11;"02";"9561949580";"03.4501.030.02";"5.51.01.0014016";6;2;"K";"0-17";"1-2 dni";"<5"
2022;8;"01";"6161528548";"03.4500.030.02";"5.51.01.0017007";3;2;"M";"65 i wiecej";"1-2 dni";"<5"
2022;5;"03";"5631863730";"03.4580.030.02";"5.51.01.0008033";6;2;"K";"18-44";"1-2 dni";"<5"
2022;9;"05";"1132883801";"03.4050.032.02";"5.51.01.0006037";6;2;"K";"18-44";"0 dni";"7"
2022;5;"08";"9910498289";"03.4000.030.02";"5.51.01.0011105";6;2;"M";"65 i wiecej";"3-5 dni";"<5"
2022;10;"12";"9372662340";"03.4450.050.02";"5.51.01.0012002";6;1;"K";"65 i wiecej";"3-5 dni";"12"
2022;6;"07";"5311331954";"03.4401.030.02";"5.51.01.0014021";2;1;"M";"0-17";"1-2 dni";"<5"
2022;10;"14";"8491373268";"03.4500.030.02";"5.51.01.0001076";3;2;"M";"45-64";"3-5 dni";"<5"
2022;7;"07";"5214004558";"03.4100.030.02";"5.51.01.0005061";6;2;"K";"65 i wiecej";"1-2 dni";"<5"
2022;8;"07";"8261776028";"03.4000.030.02";"5.51.01.0008104";3;1;"M";"65 i wiecej";"6 i więcej dni";"<5"
2022;9;"03";"7122410926";"03.4280.030.02";"5.51.01.0008102";3;2;"K";"65 i wiecej";"6 i więcej dni";"<5"
2022;5;"03";"9462146139";"03.4000.030.02";"5.51.01.0006099";3;2;"K";"65 i wiecej";"6 i więcej dni";"<5"
2022;9;"12";"6471839389";"03.4000.030.02";"5.51.01.0016056";2;9;"M";"45-64";"6 i więcej dni";"<5"
2022;10;"14";"5783104467";"03.4600.031.02";"5.51.01.0002017";6;1;"M";"18-44";"0 dni";"<5"
2022;11;"03";"7122429274";"03.4530.040.02";"5.51.01.0015066";6;1;"K";"45-64";"6 i więcej dni";"<5"
2022;11;"04";"8522521096";"03.4450.040.02";"5.51.01.0012016";2;6;"K";"18-44";"0 dni";"<5"
2022;2;"03";"9222292491";"03.4540.930.02";"5.51.01.0009051";11;1;"K";"45-64";"3-5 dni";"<5"
2022;4;"12";"6443508924";"03.4051.030.02";"5.51.01.0014041";6;2;"M";"0-17";"3-5 dni";"<5"
2022;3;"06";"7381794844";"03.4000.030.02";"5.51.01.0010066";6;2;"M";"45-64";"6 i więcej dni";"<5"
2022;2;"11";"5833162278";"03.4220.130.02";"5.51.01.0001048";2;9;"M";"65 i wiecej";"6 i więcej dni";"<5"
2022;7;"07";"8221841618";"03.4000.030.02";"5.51.01.0004016";2;2;"K";"45-64";"6 i więcej dni";"<5"
2022;11;"09";"8131501971";"03.4401.030.02";"5.51.01.0014030";3;6;"M";"0-17";"3-5 dni";"<5"
2022;6;"03";"7141632875";"03.4580.030.02";"5.51.01.0008033";6;2;"K";"45-64";"6 i więcej dni";"<5"
2022;10;"02";"8762008352";"03.4640.930.02";"5.51.01.0011034";11;2;"M";"45-64";"3-5 dni";"<5"
2022;5;"12";"6262511259";"03.4450.060.02";"5.51.01.0012003";3;2;"K";"45-64";"1-2 dni";"<5"
2022;11;"01";"8831788549";"03.4000.030.02";"5.51.01.0004026";3;2;"K";"45-64";"6 i więcej dni";"<5"
2022;6;"16";"8512537954";"03.4580.030.02";"5.51.01.0008110";6;2;"M";"18-44";"6 i więcej dni";"<5"
2022;1;"15";"6971598635";"03.4610.030.02";"5.51.01.0003057";6;1;"M";"45-64";"0 dni";"<5"
2022;6;"11";"5922222674";"03.4580.030.02";"5.51.01.0008064";2;2;"K";"45-64";"3-5 dni";"<5"
2022;2;"15";"9231506721";"03.4000.030.02";"5.51.01.0005094";3;2;"K";"65 i wiecej";"6 i więcej dni";"<5"
2022;6;"15";"7842008454";"03.4100.030.02";"5.51.01.0005027";6;2;"K";"45-64";"1-2 dni";"<5"
2022;7;"07";"1181417683";"03.4401.030.02";"5.51.01.0014012";2;2;"M";"0-17";"1-2 dni";"<5"
2022;3;"01";"8992228100";"03.4240.998.02";"5.51.01.0004028";3;1;"K";"65 i wiecej";"6 i więcej dni";"<5"
2022;9;"07";"5260006858";"03.4060.030.02";"5.51.01.0011082";3;9;"K";"65 i wiecej";"6 i więcej dni";"<5"
2022;2;"01";"9161388184";"03.4421.140.02";"5.51.01.0013025";5;1;"M";"0-17";"3-5 dni";"<5"
2022;12;"01";"8981816856";"03.4610.030.02";"5.51.01.0003042";6;1;"M";"65 i wiecej";"3-5 dni";"<5"
2022;12;"12";"9542798418";"03.4500.031.02";"5.51.01.0008083";6;1;"M";"45-64";"1-2 dni";"<5"
2022;6;"07";"5250008057";"03.4540.930.02";"5.51.01.0015018";11;2;"M";"18-44";"3-5 dni";"<5"
2022;12;"01";"8981816856";"03.4101.030.02";"5.51.01.0014039";6;1;"M";"0-17";"3-5 dni";"<5"
2022;2;"12";"6482302807";"03.4100.030.02";"5.51.01.0005027";8;3;"M";"65 i wiecej";"1-2 dni";"<5"
2022;7;"12";"6482775049";"03.4010.080.02";"5.51.01.0009038";6;2;"M";"18-44";"0 dni";"<5"
2022;12;"08";"5482277894";"03.4100.030.02";"5.51.01.0005026";6;2;"M";"45-64";"1-2 dni";"<5"
2022;4;"03";"7122410926";"03.4640.030.02";"5.51.01.0011005";6;2;"K";"45-64";"3-5 dni";"<5"
2022;5;"15";"8811491898";"03.4500.030.02";"5.51.01.0006110";3;2;"K";"45-64";"1-2 dni";"<5"
2022;12;"13";"9591294907";"03.4640.030.02";"5.51.01.0011104";6;2;"K";"65 i wiecej";"1-2 dni";"<5"
2022;4;"10";"8441786376";"03.4401.030.02";"5.51.01.0014022";3;2;"K";"0-17";"6 i więcej dni";"<5"
2022;9;"03";"7123082447";"03.4500.032.02";"5.51.01.0008083";6;2;"K";"45-64";"0 dni";"8"
2022;12;"14";"8471488956";"03.4000.030.02";"5.51.01.0011083";3;6;"K";"65 i wiecej";"3-5 dni";"<5"
2022;1;"14";"7392955802";"03.4000.030.02";"5.51.01.0016006";3;2;"K";"65 i wiecej";"1-2 dni";"<5"
2022;1;"06";"8691663456";"03.4401.030.02";"5.51.01.0014022";3;2;"M";"0-17";"1-2 dni";"9"
2022;3;"07";"5214004558";"03.4640.998.02";"5.51.01.0011008";2;2;"M";"65 i wiecej";"6 i więcej dni";"<5"
2022;7;"11";"5833162278";"03.4000.030.02";"5.51.01.0005088";2;2;"K";"65 i wiecej";"6 i więcej dni";"<5"
2022;6;"11";"5891941823";"03.4000.030.02";"5.51.01.0006111";3;2;"K";"65 i wiecej";"6 i więcej dni";"<5"
2022;12;"15";"7781128565";"03.4450.250.02";"5.51.01.0013001";3;1;"K";"18-44";"3-5 dni";"81"
2022;5;"12";"6422585351";"03.4500.030.02";"5.51.01.0008083";6;1;"K";"65 i wiecej";"6 i więcej dni";"<5"
2022;8;"12";"6271669770";"03.4450.050.02";"5.51.01.0012014";6;1;"K";"45-64";"1-2 dni";"<5"
2022;11;"15";"6182025893";"03.4640.030.02";"5.51.01.0011017";3;2;"K";"65 i wiecej";"3-5 dni";"<5"
2022;3;"08";"7542563619";"03.4580.030.02";"5.51.01.0008083";6;2;"M";"18-44";"1-2 dni";"<5"
2022;2;"07";"5252095155";"03.4401.030.02";"5.51.01.0014004";3;2;"K";"0-17";"6 i więcej dni";"<5"
2022;8;"05";"7262234808";"03.4100.030.02";"5.51.01.0005056";6;1;"M";"65 i wiecej";"1-2 dni";"<5"
2022;6;"16";"8571688560";"03.4550.030.02";"5.51.01.0009031";6;2;"M";"65 i wiecej";"6 i więcej dni";"<5"
2022;3;"09";"6851950733";"03.4500.030.02";"5.51.01.0007044";6;2;"M";"18-44";"3-5 dni";"<5"
2022;4;"13";"6611959864";"03.4610.030.02";"5.51.01.0003057";3;1;"M";"45-64";"6 i więcej dni";"<5"
2022;9;"13";"8641577743";"03.4100.030.02";"5.51.01.0005088";3;2;"K";"65 i wiecej";"1-2 dni";"<5"
2022;11;"12";"9691608096";"03.4500.030.02";"5.51.01.0006046";6;2;"M";"18-44";"1-2 dni";"<5"
2022;8;"01";"8951645574";"03.4200.600.02";"5.51.01.0009039";6;1;"K";"0-17";"3-5 dni";"<5"
2022;8;"05";"7712295780";"03.4580.030.02";"5.51.01.0008063";3;2;"M";"18-44";"1-2 dni";"<5"
2022;9;"14";"7431641687";"03.4130.030.02";"5.51.01.0016056";2;2;"K";"65 i wiecej";"6 i więcej dni";"<5"
2022;12;"11";"8393179849";"03.4580.030.02";"5.51.01.0001087";2;2;"K";"18-44";"1-2 dni";"<5"
2022;3;"14";"5783104467";"03.4000.030.02";"5.51.01.0005094";2;2;"K";"65 i wiecej";"6 i więcej dni";"<5"
2022;10;"03";"5381594311";"03.4280.030.02";"5.51.01.0008104";3;2;"M";"18-44";"6 i więcej dni";"<5"
2022;3;"12";"6292115781";"03.4020.030.02";"5.51.01.0010066";2;2;"M";"18-44";"6 i więcej dni";"<5"
2022;8;"13";"9591291292";"03.4500.030.02";"5.51.01.0006109";6;2;"K";"65 i wiecej";"0 dni";"<5"
2022;11;"13";"6581705655";"03.4000.030.02";"5.51.01.0010035";3;1;"K";"65 i wiecej";"3-5 dni";"<5"
2022;5;"05";"7712295780";"03.4500.030.02";"5.51.01.0009028";3;2;"M";"18-44";"1-2 dni";"<5"
2022;4;"06";"6783105119";"03.4640.930.02";"5.51.01.0011026";6;2;"K";"65 i wiecej";"1-2 dni";"<5"
2022;11;"01";"8842201447";"03.4220.030.02";"5.51.01.0001066";2;1;"M";"18-44";"1-2 dni";"<5"
2022;9;"15";"7642088394";"03.4580.991.02";"5.51.01.0008013";3;3;"K";"65 i wiecej";"6 i więcej dni";"<5"
2022;10;"07";"7961704266";"03.4500.030.02";"5.51.01.0007037";6;1;"K";"65 i wiecej";"3-5 dni";"<5"
2022;3;"02";"5540312510";"03.4220.030.02";"5.51.01.0001031";2;2;"M";"65 i wiecej";"6 i więcej dni";"<5"
2022;11;"14";"8481630309";"03.4272.030.02";"5.51.01.0004028";3;9;"M";"65 i wiecej";"6 i więcej dni";"<5"
2022;11;"12";"6262510567";"03.4100.030.02";"5.51.01.0005050";3;2;"K";"65 i wiecej";"6 i więcej dni";"<5"
2022;3;"11";"5862286770";"03.4640.998.02";"5.51.01.0011104";6;2;"K";"65 i wiecej";"0 dni";"<5"
2022;6;"02";"8883117873";"03.4000.030.02";"5.51.01.0005094";3;2;"K";"65 i wiecej";"3-5 dni";"6"
2022;10;"02";"5540312510";"03.4500.030.02";"5.51.01.0008072";3;2;"M";"65 i wiecej";"6 i więcej dni";"<5"
2022;12;"07";"5252491419";"03.4000.030.02";"5.51.01.0004016";2;6;"M";"65 i wiecej";"6 i więcej dni";"<5"
2022;12;"15";"7781128565";"03.4401.030.02";"5.51.01.0004018";3;2;"M";"0-17";"3-5 dni";"<5"
2022;11;"02";"8792076803";"03.4000.030.02";"5.51.01.0011082";2;9;"K";"65 i wiecej";"1-2 dni";"<5"
2022;3;"14";"8481630309";"03.4421.150.02";"5.51.01.0013022";5;3;"M";"0-17";"0 dni";"<5"
2022;9;"15";"7772754458";"03.4100.030.02";"5.51.01.0005094";6;2;"K";"65 i wiecej";"1-2 dni";"<5"
2022;8;"11";"5811770007";"03.4580.030.02";"5.51.01.0008110";2;2;"M";"18-44";"3-5 dni";"<5"
2022;7;"07";"7582010430";"03.4000.030.02";"5.51.01.0006106";3;2;"K";"18-44";"6 i więcej dni";"<5"
2022;10;"01";"6921009016";"03.4100.030.02";"5.51.01.0005027";6;1;"M";"45-64";"3-5 dni";"<5"
2022;2;"11";"5833162278";"03.4051.030.02";"5.51.01.0014012";3;2;"K";"0-17";"1-2 dni";"<5"
2022;8;"08";"7531967997";"03.4580.030.02";"5.51.01.0008043";6;2;"K";"45-64";"0 dni";"<5"
2022;7;"09";"6871640438";"03.4000.030.02";"5.51.01.0006046";6;2;"M";"45-64";"1-2 dni";"<5"
2022;5;"02";"5571520586";"03.4450.040.02";"5.51.01.0012004";6;1;"K";"18-44";"0 dni";"<5"
2022;3;"06";"6762083306";"03.4000.030.02";"5.51.01.0011106";2;6;"M";"45-64";"6 i więcej dni";"<5"
2022;4;"12";"6342670310";"03.4220.130.02";"5.51.01.0001048";2;2;"M";"65 i wiecej";"6 i więcej dni";"<5"
2022;2;"06";"7352178657";"03.4421.150.02";"5.51.01.0013025";5;1;"K";"0-17";"3-5 dni";"23"
2022;6;"03";"5371960760";"03.4500.030.02";"5.51.01.0006072";6;1;"M";"45-64";"1-2 dni";"<5"
2022;12;"01";"6121542507";"03.4401.030.02";"5.51.01.0014021";3;1;"M";"0-17";"1-2 dni";"<5"
2022;6;"09";"8132892063";"03.4500.030.02";"5.51.01.0001076";2;2;"K";"65 i wiecej";"6 i więcej dni";"<5"
2022;10;"12";"6312658474";"03.4600.030.02";"5.51.01.0002084";6;2;"K";"45-64";"0 dni";"5"
2022;7;"07";"5220002529";"03.4610.030.02";"5.51.01.0003041";3;2;"M";"18-44";"3-5 dni";"<5"
2022;11;"06";"6772075248";"03.4220.030.02";"5.51.01.0001045";6;2;"M";"45-64";"6 i więcej dni";"<5"
2022;4;"08";"7542557814";"03.4540.998.02";"5.51.01.0006004";6;2;"K";"45-64";"1-2 dni";"<5"
2022;10;"01";"6151706942";"03.4401.030.02";"5.51.01.0014022";6;1;"K";"0-17";"3-5 dni";"<5"
2022;7;"01";"8862385261";"03.4421.160.02";"5.51.01.0013025";5;1;"K";"0-17";"6 i więcej dni";"<5"
2022;10;"15";"6991919769";"03.4000.030.02";"5.51.01.0004026";3;1;"K";"65 i wiecej";"6 i więcej dni";"<5"
2022;9;"11";"5862286770";"03.4500.030.02";"5.51.01.0006073";6;2;"M";"65 i wiecej";"1-2 dni";"<5"
2022;9;"16";"3020002009";"03.4500.030.02";"5.51.01.0006036";2;2;"K";"65 i wiecej";"1-2 dni";"<5"
2022;2;"01";"8942814132";"03.4500.030.02";"5.51.01.0006083";3;1;"K";"45-64";"6 i więcej dni";"<5"
2022;3;"05";"6342582801";"03.4401.030.02";"5.51.01.0014006";3;2;"K";"0-17";"3-5 dni";"<5"
2022;9;"11";"5891941823";"03.4000.030.02";"5.51.01.0004048";2;2;"K";"65 i wiecej";"6 i więcej dni";"<5"
2022;7;"15";"6671534335";"03.4272.030.02";"5.51.01.0004046";3;1;"M";"65 i wiecej";"3-5 dni";"<5"
2022;5;"15";"6681580495";"03.4000.030.02";"5.51.01.0011106";3;2;"M";"18-44";"3-5 dni";"<5"
2022;11;"12";"6342670310";"03.4421.150.02";"5.51.01.0013041";5;1;"K";"0-17";"6 i więcej dni";"<5"
2022;7;"11";"8421770610";"03.4000.030.02";"5.51.01.0010065";3;2;"K";"65 i wiecej";"6 i więcej dni";"<5"
2022;2;"15";"7842008454";"03.4610.030.02";"5.51.01.0003041";3;2;"K";"18-44";"6 i więcej dni";"<5"
2022;6;"03";"9191517717";"03.4000.030.02";"5.51.01.0005088";3;1;"K";"65 i wiecej";"6 i więcej dni";"<5"
2022;9;"12";"6482301274";"03.4401.030.02";"5.51.01.0014022";3;2;"M";"0-17";"3-5 dni";"<5"
2022;4;"08";"7491790304";"03.4000.030.02";"5.51.01.0006099";3;2;"M";"65 i wiecej";"3-5 dni";"<5"
2022;3;"01";"9151523806";"03.4450.040.02";"5.51.01.0012013";6;1;"K";"45-64";"3-5 dni";"<5"
2022;10;"06";"9452092100";"03.4600.032.02";"5.51.01.0002084";6;2;"M";"65 i wiecej";"0 dni";"<5"
2022;11;"12";"9542274017";"03.4600.030.02";"5.51.01.0002099";6;2;"M";"18-44";"1-2 dni";"<5"
2022;5;"04";"9731025315";"03.4501.030.02";"5.51.01.0018060";3;2;"M";"0-17";"1-2 dni";"<5"
2022;2;"03";"7122410820";"03.4100.030.02";"5.51.01.0005016";2;2;"K";"65 i wiecej";"6 i więcej dni";"<5"
2022;5;"13";"9591291292";"03.4401.030.02";"5.51.01.0014099";3;2;"K";"0-17";"6 i więcej dni";"<5"
2022;6;"01";"6922498023";"03.4580.030.02";"5.51.01.0008043";3;2;"M";"65 i wiecej";"0 dni";"<5"
2022;10;"07";"8381843603";"03.4450.040.02";"5.51.01.0012016";6;1;"K";"18-44";"1-2 dni";"<5"
2022;12;"05";"8331384412";"03.4000.030.02";"5.51.01.0005016";2;9;"K";"65 i wiecej";"6 i więcej dni";"<5"
2022;8;"13";"9591289964";"03.4272.030.02";"5.51.01.0004061";3;2;"K";"65 i wiecej";"6 i więcej dni";"<5"
2022;8;"01";"8862385315";"03.4540.930.02";"5.51.01.0009053";6;2;"K";"45-64";"3-5 dni";"<5"
2022;5;"09";"8652074945";"03.4000.030.02";"5.51.01.0015066";6;1;"K";"65 i wiecej";"6 i więcej dni";"<5"
2022;5;"15";"6651042675";"03.4050.030.02";"5.51.01.0007034";6;2;"M";"65 i wiecej";"1-2 dni";"<5"
2022;6;"12";"6511604392";"03.4401.030.02";"5.51.01.0014021";3;3;"M";"0-17";"1-2 dni";"<5"
2022;9;"06";"7361454039";"03.4500.030.02";"5.51.01.0007044";6;2;"K";"18-44";"1-2 dni";"<5"
2022;7;"03";"7171830083";"03.4450.071.02";"5.51.01.0012002";6;2;"K";"18-44";"1-2 dni";"<5"
2022;3;"04";"9281852023";"03.4060.030.02";"5.51.01.0005052";3;9;"K";"65 i wiecej";"1-2 dni";"<5"
2022;9;"15";"6211536551";"03.4500.030.02";"5.51.01.0009046";3;2;"K";"18-44";"6 i więcej dni";"<5"
2022;3;"16";"8522211119";"03.4500.030.02";"5.51.01.0007043";6;2;"M";"65 i wiecej";"1-2 dni";"<5"
2022;9;"01";"8831788549";"03.4100.030.02";"5.51.01.0005061";6;1;"M";"65 i wiecej";"0 dni";"<5"
2022;9;"08";"7542557814";"03.4540.030.02";"5.51.01.0007044";6;2;"K";"45-64";"3-5 dni";"<5"
2022;5;"02";"8762008352";"03.4220.030.02";"5.51.01.0001030";6;2;"M";"45-64";"3-5 dni";"<5"
2022;12;"09";"7952066984";"03.4100.030.02";"5.51.01.0005061";6;2;"M";"65 i wiecej";"6 i więcej dni";"<5"
2022;3;"10";"8441786376";"03.4401.030.02";"5.51.01.0014006";2;1;"K";"0-17";"1-2 dni";"<5"
2022;12;"01";"9121650658";"03.4500.030.02";"5.51.01.0006073";6;2;"K";"18-44";"1-2 dni";"<5"
2022;2;"07";"5220002529";"03.4071.030.02";"5.51.01.0009007";6;2;"K";"0-17";"0 dni";"<5"
2022;7;"14";"8451995130";"03.4500.030.02";"5.51.01.0006046";3;1;"M";"18-44";"3-5 dni";"<5"
2022;7;"09";"6842120222";"03.4640.030.02";"5.51.01.0011086";6;1;"M";"45-64";"0 dni";"<5"
2022;9;"07";"5242688913";"03.4220.030.02";"5.51.01.0001039";6;2;"K";"45-64";"0 dni";"<5"
2022;8;"02";"8891269126";"03.4000.030.02";"5.51.01.0004048";2;2;"K";"65 i wiecej";"6 i więcej dni";"<5"
2022;12;"06";"7342608458";"03.4501.030.02";"5.51.01.0018075";6;2;"M";"0-17";"1-2 dni";"5"
2022;1;"03";"7171830083";"03.4580.030.02";"5.51.01.0008021";6;1;"K";"18-44";"3-5 dni";"<5"
2022;9;"14";"7393696739";"03.4630.030.02";"5.51.01.0003022";6;2;"M";"45-64";"0 dni";"<5"
2022;2;"15";"7811621544";"03.4021.030.02";"5.51.01.0014099";3;2;"M";"0-17";"3-5 dni";"<5"
2022;3;"14";"7392955819";"03.4450.040.02";"5.51.01.0012015";6;1;"K";"45-64";"1-2 dni";"14"
2022;5;"06";"7342608458";"03.4070.998.02";"5.51.01.0016002";6;9;"M";"65 i wiecej";"6 i więcej dni";"<5"
2022;9;"12";"6312658474";"03.4100.500.02";"5.51.01.0005011";3;2;"M";"65 i wiecej";"6 i więcej dni";"<5"
2022;11;"02";"5571520586";"03.4450.040.02";"5.51.01.0012013";6;1;"K";"18-44";"6 i więcej dni";"<5"
2022;5;"02";"5540312510";"03.4220.030.02";"5.51.01.0001059";3;1;"K";"18-44";"6 i więcej dni";"<5"
2022;10;"03";"7122410820";"03.4500.030.02";"5.51.01.0006042";6;1;"K";"65 i wiecej";"1-2 dni";"<5"
2022;12;"16";"6731857008";"03.4450.040.02";"5.51.01.0013012";6;1;"K";"18-44";"3-5 dni";"<5"
2022;9;"07";"5242688913";"03.4610.030.02";"5.51.01.0003022";6;2;"M";"65 i wiecej";"3-5 dni";"<5"
2022;8;"08";"7542563619";"03.4640.030.02";"5.51.01.0011027";2;2;"M";"45-64";"1-2 dni";"<5"
2022;5;"11";"5922222674";"03.4450.240.02";"5.51.01.0013001";3;1;"K";"18-44";"6 i więcej dni";"13"
2022;10;"13";"9591289964";"03.4500.998.02";"5.51.01.0006037";6;2;"M";"65 i wiecej";"1-2 dni";"<5"
2022;10;"16";"8512537954";"03.4580.030.02";"5.51.01.0008106";6;1;"M";"18-44";"3-5 dni";"<5"
2022;11;"12";"9372300743";"03.4610.032.02";"5.51.01.0003043";6;2;"K";"65 i wiecej";"0 dni";"<5"
2022;12;"07";"1132393221";"03.4520.130.02";"5.51.01.0004001";6;2;"K";"65 i wiecej";"6 i więcej dni";"<5"
2022;11;"09";"8151763728";"03.4450.040.02";"5.51.01.0012002";3;1;"K";"65 i wiecej";"3-5 dni";"<5"
2022;5;"11";"8421770610";"03.4450.040.02";"5.51.01.0012014";6;1;"K";"18-44";"6 i więcej dni";"<5"
2022;7;"16";"8571688560";"03.4221.030.02";"5.51.01.0014050";2;3;"K";"0-17";"3-5 dni";"<5"
2022;6;"05";"7292242712";"03.4030.030.02";"5.51.01.0010027";6;2;"M";"45-64";"3-5 dni";"<5"
2022;5;"11";"8393179849";"03.4640.930.02";"5.51.01.0011031";11;2;"M";"65 i wiecej";"3-5 dni";"<5"
2022;11;"09";"8131501971";"03.4600.130.02";"5.51.01.0002102";6;1;"K";"65 i wiecej";"0 dni";"11"
2022;6;"13";"6641873185";"03.4580.991.02";"5.51.01.0008015";6;1;"M";"45-64";"3-5 dni";"<5"
2022;12;"12";"6491918293";"03.4000.030.02";"5.51.01.0016005";3;2;"K";"45-64";"6 i więcej dni";"<5"
2022;12;"16";"7651495874";"03.4401.030.02";"5.51.01.0004046";3;1;"K";"0-17";"3-5 dni";"<5"
2022;1;"07";"8212056050";"03.4450.250.02";"5.51.01.0013003";6;1;"K";"18-44";"6 i więcej dni";"<5"
2022;11;"01";"6951463978";"03.4000.030.02";"5.51.01.0005052";2;2;"M";"65 i wiecej";"6 i więcej dni";"<5"
2022;5;"03";"7122409395";"03.4540.030.02";"5.51.01.0009005";6;2;"K";"18-44";"1-2 dni";"<5"
2022;12;"03";"9462146139";"03.4000.030.02";"5.51.01.0005094";2;9;"M";"65 i wiecej";"6 i więcej dni";"<5"
2022;5;"01";"6922498023";"03.4500.030.02";"5.51.01.0015024";6;2;"M";"45-64";"1-2 dni";"<5"
2022;10;"05";"7272392503";"03.4200.030.02";"5.51.01.0008108";6;2;"K";"45-64";"6 i więcej dni";"<5"
2022;2;"07";"8121645639";"03.4450.040.02";"5.51.01.0013012";3;2;"K";"18-44";"6 i więcej dni";"<5"
2022;9;"06";"6751199442";"03.4570.030.02";"5.51.01.0001001";2;3;"K";"45-64";"3-5 dni";"<5"
2022;1;"08";"7551839682";"03.4000.030.02";"5.51.01.0011106";3;1;"K";"18-44";"3-5 dni";"<5"
2022;8;"01";"6111213469";"03.4450.050.02";"5.51.01.0012016";3;2;"K";"18-44";"0 dni";"<5"
2022;10;"15";"6191827089";"03.4401.030.02";"5.51.01.0014001";3;1;"K";"0-17";"3-5 dni";"<5"
2022;11;"06";"6782680028";"03.4580.991.02";"5.51.01.0008013";2;2;"K";"65 i wiecej";"6 i więcej dni";"<5"
2022;12;"07";"5242688913";"03.4000.030.02";"5.51.01.0005094";2;2;"M";"45-64";"6 i więcej dni";"<5"
2022;4;"01";"8951645574";"03.4610.030.02";"5.51.01.0006002";6;2;"M";"65 i wiecej";"0 dni";"<5"
2022;3;"03";"7122483842";"03.4500.030.02";"5.51.01.0007037";6;2;"M";"45-64";"6 i więcej dni";"<5"
2022;9;"10";"5461275341";"03.4000.030.02";"5.51.01.0005094";6;2;"M";"65 i wiecej";"6 i więcej dni";"<5"
2022;9;"09";"8132919313";"03.4610.930.02";"5.51.01.0015019";3;2;"M";"65 i wiecej";"1-2 dni";"<5"
2022;9;"03";"7122410820";"03.4580.030.02";"5.51.01.0008033";6;1;"M";"45-64";"0 dni";"<5"
2022;8;"12";"6342346590";"03.4501.030.02";"5.51.01.0018079";6;1;"M";"0-17";"6 i więcej dni";"<5"
2022;1;"11";"8421733833";"03.4401.030.02";"5.51.01.0014004";6;1;"M";"0-17";"3-5 dni";"<5"
2022;12;"02";"5542235340";"03.4501.030.02";"5.51.01.0006046";3;2;"M";"0-17";"3-5 dni";"<5"
2022;9;"13";"6581705655";"03.4401.030.02";"5.51.01.0014022";2;1;"K";"0-17";"1-2 dni";"<5"
2022;12;"09";"6851950733";"03.4060.030.02";"5.51.01.0015066";2;1;"K";"65 i wiecej";"6 i więcej dni";"7"
2022;1;"12";"6471839389";"03.4000.030.02";"5.51.01.0004016";2;2;"M";"65 i wiecej";"6 i więcej dni";"<5"
2022;11;"15";"7842008454";"03.4580.030.02";"5.51.01.0008083";6;2;"M";"45-64";"1-2 dni";"<5"
2022;12;"08";"5761361228";"03.4450.240.02";"5.51.01.0013001";6;1;"K";"18-44";"3-5 dni";"<5"
2022;2;"01";"8951645574";"03.4120.030.02";"5.51.01.0010039";6;3;"K";"65 i wiecej";"6 i więcej dni";"<5"
2022;9;"15";"7792033466";"03.4100.030.02";"5.51.01.0005088";3;1;"K";"18-44";"6 i więcej dni";"<5"
2022;2;"08";"7542563619";"03.4100.030.02";"5.51.01.0005043";6;1;"K";"18-44";"1-2 dni";"<5"
2022;2;"15";"6971598635";"03.4610.030.02";"5.51.01.0003016";6;2;"K";"18-44";"1-2 dni";"<5"
2022;8;"15";"6222256387";"03.4401.030.02";"5.51.01.0014008";3;1;"K";"0-17";"1-2 dni";"<5"
2022;4;"09";"8721907964";"03.4401.030.02";"5.51.01.0014006";3;2;"M";"0-17";"6 i więcej dni";"<5"
2022;12;"15";"2090003114";"03.4401.030.02";"5.51.01.0014030";3;6;"M";"0-17";"6 i więcej dni";"<5"
2022;5;"11";"8393179849";"03.4070.998.02";"5.51.01.0016003";2;1;"M";"65 i wiecej";"1-2 dni";"<5"
2022;4;"07";"9521789325";"03.4610.030.02";"5.51.01.0003016";6;1;"M";"18-44";"0 dni";"<5"
2022;6;"04";"1040001294";"03.4580.030.02";"5.51.01.0008109";2;9;"M";"65 i wiecej";"6 i więcej dni";"<5"
2022;6;"12";"5751653596";"03.4500.030.02";"5.51.01.0007044";3;2;"M";"45-64";"1-2 dni";"<5"
2022;1;"09";"8131502114";"03.4031.030.02";"5.51.01.0010059";6;2;"K";"0-17";"3-5 dni";"<5"
2022;4;"05";"7691787666";"03.4500.930.02";"5.51.01.0009002";3;2;"K";"65 i wiecej";"1-2 dni";"<5"
2022;6;"15";"7811619837";"03.4020.030.02";"5.51.01.0010066";6;2;"M";"65 i wiecej";"3-5 dni";"<5"
2022;4;"16";"8522198181";"03.4220.030.02";"5.51.01.0001049";2;1;"K";"65 i wiecej";"6 i więcej dni";"<5"
2022;7;"03";"5371960760";"03.4220.030.02";"5.51.01.0001057";3;1;"K";"45-64";"6 i więcej dni";"<5"
2022;5;"12";"9542269625";"03.4100.030.02";"5.51.01.0005092";6;2;"M";"65 i wiecej";"1-2 dni";"10"
2022;1;"01";"6111213469";"03.4640.998.02";"5.51.01.0011026";6;2;"M";"65 i wiecej";"3-5 dni";"<5"
2022;3;"13";"6611959864";"03.4220.030.02";"5.51.01.0001038";2;1;"M";"45-64";"3-5 dni";"<5"
2022;8;"06";"6782680028";"03.4341.030.02";"5.51.01.0007016";3;2;"K";"0-17";"6 i więcej dni";"<5"
2022;9;"03";"9222282854";"03.4000.030.02";"5.51.01.0005052";3;9;"K";"65 i wiecej";"6 i więcej dni";"<5"
2022;8;"06";"7371741935";"03.4450.050.02";"5.51.01.0013012";3;6;"K";"18-44";"0 dni";"<5"
2022;6;"13";"6641873185";"03.4100.030.02";"5.51.01.0005027";6;2;"M";"18-44";"1-2 dni";"<5"
2022;11;"03";"7122410926";"03.4640.030.02";"5.51.01.0011000";3;2;"M";"45-64";"6 i więcej dni";"<5"
2022;5;"15";"6652305935";"03.4500.032.02";"5.51.01.0008042";6;1;"M";"18-44";"0 dni";"<5"
2022;1;"07";"5671532011";"03.4580.030.02";"5.51.01.0008063";3;2;"K";"45-64";"3-5 dni";"<5"
2022;5;"07";"1181417683";"03.4421.160.02";"5.51.01.0013021";6;2;"M";"0-17";"6 i więcej dni";"<5"
2022;9;"02";"5542235340";"03.4273.030.02";"5.51.01.0004049";3;2;"K";"0-17";"6 i więcej dni";"<5"
2022;12;"14";"7392955802";"03.4200.030.02";"5.51.01.0009039";2;2;"M";"65 i wiecej";"3-5 dni";"<5"
2022;5;"03";"5651337789";"03.4450.040.02";"5.51.01.0012016";3;2;"K";"18-44";"1-2 dni";"<5"
2022;4;"10";"7181689321";"03.4640.998.02";"5.51.01.0011026";6;1;"M";"65 i wiecej";"1-2 dni";"<5"
2022;11;"16";"8512537954";"03.4500.030.02";"5.51.01.0015023";3;2;"M";"18-44";"1-2 dni";"<5"
2022;5;"16";"5971730353";"03.4500.030.02";"5.51.01.0006046";3;2;"K";"65 i wiecej";"6 i więcej dni";"<5"
2022;7;"07";"5220002529";"03.4500.030.02";"5.51.01.0006046";3;1;"K";"65 i wiecej";"6 i więcej dni";"<5"
2022;3;"05";"7752631681";"03.4000.030.02";"5.51.01.0004028";3;9;"M";"45-64";"6 i więcej dni";"<5"
2022;5;"03";"7122483842";"03.4450.050.02";"5.51.01.0010059";3;1;"K";"18-44";"3-5 dni";"<5"
2022;9;"02";"9532582266";"03.4570.030.02";"5.51.01.0001022";6;2;"K";"45-64";"3-5 dni";"<5"
2022;4;"06";"8691663456";"03.4500.030.02";"5.51.01.0006042";3;9;"M";"65 i wiecej";"6 i więcej dni";"<5"
2022;7;"05";"8361081857";"03.4050.030.02";"5.51.01.0006046";3;2;"M";"45-64";"0 dni";"<5"
2022;1;"12";"9542269625";"03.4130.030.02";"5.51.01.0011105";2;2;"K";"65 i wiecej";"6 i więcej dni";"<5"
2022;8;"15";"6651042675";"03.4501.030.02";"5.51.01.0018057";3;2;"M";"0-17";"1-2 dni";"12"
2022;10;"12";"9542274017";"03.4000.030.02";"5.51.01.0004048";2;2;"K";"65 i wiecej";"6 i więcej dni";"<5"
2022;3;"15";"6182025893";"03.4500.030.02";"5.51.01.0015066";6;2;"M";"45-64";"3-5 dni";"<5"
2022;6;"05";"8361081857";"03.4500.030.02";"5.51.01.0006072";6;2;"M";"65 i wiecej";"1-2 dni";"<5"
2022;6;"06";"6762083306";"03.4000.030.02";"5.51.01.0005052";3;9;"K";"65 i wiecej";"6 i więcej dni";"<5"
2022;10;"01";"8862385315";"03.4340.030.02";"5.51.01.0001057";3;1;"M";"45-64";"6 i więcej dni";"<5"
2022;3;"13";"8641577743";"03.4100.130.02";"5.51.01.0005015";6;2;"M";"65 i wiecej";"6 i więcej dni";"<5"
2022;9;"12";"9542270611";"03.4240.998.02";"5.51.01.0006099";6;1;"K";"65 i wiecej";"6 i więcej dni";"<5"
2022;9;"08";"7543106048";"03.4580.030.02";"5.51.01.0008084";3;2;"M";"18-44";"1-2 dni";"<5"
2022;9;"12";"5771744296";"03.4000.030.02";"5.51.01.0010026";6;1;"K";"65 i wiecej";"6 i więcej dni";"<5"
2022;6;"01";"8992228560";"03.4221.030.02";"5.51.01.0001036";6;2;"M";"0-17";"1-2 dni";"<5"
2022;1;"07";"5671532011";"03.4450.040.02";"5.51.01.0013012";6;2;"K";"18-44";"6 i więcej dni";"<5"
2022;3;"04";"9251723350";"03.4500.030.02";"5.51.01.0006072";3;2;"M";"45-64";"1-2 dni";"<5"
2022;5;"03";"7122410926";"03.4272.998.02";"5.51.01.0004006";6;2;"K";"65 i wiecej";"0 dni";"<5"
2022;12;"07";"8241545030";"03.4450.040.02";"5.51.01.0012014";3;2;"K";"45-64";"1-2 dni";"6"
2022;11;"04";"8522521096";"03.4000.030.02";"5.51.01.0005052";3;9;"K";"65 i wiecej";"6 i więcej dni";"<5"
2022;3;"03";"7122410926";"03.4030.030.02";"5.51.01.0010035";6;2;"M";"65 i wiecej";"6 i więcej dni";"<5"
2022;6;"09";"8132892063";"03.4000.030.02";"5.51.01.0006037";6;2;"K";"45-64";"1-2 dni";"<5"
2022;11;"07";"5671532011";"03.4450.040.02";"5.51.01.0012015";6;2;"K";"18-44";"1-2 dni";"<5"
2022;2;"12";"6312658474";"03.4580.030.02";"5.51.01.0008043";6;2;"M";"65 i wiecej";"1-2 dni";"<5"
2022;1;"05";"7312002395";"03.4500.030.02";"5.51.01.0006046";3;1;"K";"18-44";"3-5 dni";"<5"
2022;7;"03";"7122429274";"03.4500.030.02";"5.51.01.0006042";6;2;"K";"45-64";"1-2 dni";"<5"
2022;8;"01";"6111213469";"03.4450.050.02";"5.51.01.0012014";3;1;"K";"18-44";"1-2 dni";"<5"
2022;10;"05";"7260004820";"03.4580.030.02";"5.51.01.0008100";3;2;"K";"65 i wiecej";"6 i więcej dni";"<5"
2022;12;"07";"5220002529";"03.4272.030.02";"5.51.01.0004028";6;2;"K";"65 i wiecej";"0 dni";"<5"
